PC Rakitan Core i7 Paket Office Lengkap / 8GB / SSD / PC Admin 22 Inch,Rp1.889.000,https://ta.tokopedia.com/promo/v1/clicks/8a-xgVY2gmUEH_rao_yFHpUpbm-xgVY789CBUsthbm-Orfua9fBjUstiHmUDUSz2Q31i6sJRHpUaH_yfopJDUMoFyaUEHsJOHmFircYpq9z2Qfdi6sJDUMWB89P5rMzwq3ei6s1popjfH_JaHp1DUMVDgaUEUMW79fudy3o79RzWUiFiQSuWyMua9fYM9fVjraUEHs1DUMNOQ3-BrBYxgIowrMuhUstaoZFiyfV79fBjraUE3pUNoaFa6_KDHpKOHB7DUMNwyfVXgcBjy9zB9fVjraUEHsKNbm-xyBY7g9o7Usti_iUDUSC5rRzwy3hSUstigcuMUiFiPMuarfB5QiUEUSyaUiFiy3zwrfo5rM1i6sJF6_JX6AnpH_rhoprhopJpoiFirpowQcYSUstig9BGqMzUZMggQj2fgAo6QJBkQfBoe7BpZ3O6HcoD692qu7gN3_-Sq1Y2Z9BHqMDp_1z-o1NEe9BvucoR_320H7OJ_3BHe72a3BxDHfUpZMWyH7NkysoGQJBkQfBoepzN_92S8JOku9PozJVR_1zCP7OJe9Po81BpZ37OPM-W_Mh-qMY2_7z0HJOEuMx6qju7_s-VHOB_HAC6zV-2_VPcqJNke9zoHBuR_jzmqB2IzMBqzO-0Z3BRq3UpZSCqHMhO3A-ZQcoc69Cqe7jfZ32Cq1hAZSgsQ3hXyurOgMoUZSgqZVgkgJyNrV2AZ_g-qjV2_JoGPMoWQcNxupuMyp-tPMoc69Cqe7jfZ32Cq1hAZSxjuOgNguyNHVB9gI2-qMY2gJrh6cgI69BxufzFyMOcrOKaPchB3czfyfOZgBBW69gsHO-DyfNd6cJp1Mgq3cxt3_ozq1hAZS2gHsBN3ByNq3oW6_osHBu2_fB-P7B2PfBsHjNfyfO3gMHauMxsQ1N5Z325q1NJqR2HqBuR_jz08JY1qp-6uVjh_Bzgq3gzv_7ibm-sy9zBgfYa8uYpP3PSg9o79fV7PI-2ySu7gZUE3aUp6A1aUiFioAnF6ZUDUsHNo_KibmUpHsHibmUp6_epUB7DUS-BQcufy3NsguYpyfYagZUEHmddosKhHAjhosehHAjpHpJ7bm-FrMBsguYiq3ei6sUho_nDUMP5y3hwq3ei6sUDUMg2QMVD9R-BQI-xQMWwy3zpyfYagZUEH_e7oidNoAKNopKNHs1hosH7bm-hP3ua8uYag3hay3N09RosQR-BUstFbsyhopyhHsepHAHaHsJOo_uY?dv=desktop&pub_domain=0&src=find&pub_unit=0&pub_id=0&r=https%3A%2F%2Fwww.tokopedia.com%2Fjaktech-id%2Fpc-rakitan-core-i7-paket-office-lengkap-8gb-ssd-pc-admin-22-inch-spc-op7-8gb-pc-only%3FextParam%3Dcmp%253D1%2526ivf%253Dfalse%26src%3Dtopads&is_search=1&management_type=1&t=desktop&page=1&keywords=pc+rakitan&ob=23,https://images.tokopedia.net/img/cache/200-square/VqbcmM/2022/10/17/151dbe39-33c6-4e39-8cfb-f3008ed2b75d.jpg.webp?ect=4g
PC Rakitan Core i5 + Monitor 19" / RAM 8 GB / SSD / PC ADMIN KANTOR,Rp1.989.000,https://ta.tokopedia.com/promo/v1/clicks/8a-xgVY2gmUEH_yO6_nFHsU7bm-xgVY789CBUsthbm-Orfua9fBjUstiHmUDUSz2Q31i6sJRHpUaH_yfopJDUMoFyaUEHsJFHmFircYpq9z2Qfdi6sUDUMWB89P5rMzwq3ei6s1fosHdoAnNosjDUMVDgaUEUMW79fudy3o79RzWUiFiQSuWyMua9fYM9fVjraUEHs1DUMNOQ3-BrBYxgIowrMuhUstaoZFiyfV79fBjraUE3pUNoaFa6_KDHpKOHB7DUMNwyfVXgcBjy9zB9fVjraUEHsKNbm-xyBY7g9o7Usti_iUDUSC5rRzwy3hSUstigcuMUiFiPMuarfB5QiUEUSyaUiFiy3zwrfo5rM1i6sjRHmdFopUposj7o_nRosrRbm-pHOYDQfri6i-B812kgJxGgBBXZSgjH7NDZ325q1OAZ9o-Q1dFyfFN8B29zSBgHMP2_fB-81hk_9B6uV17_uzoo1N1__CvzcPE_S2oq1hAZS-q3cFpysoGqOKp_M2iH72DZ325q1OAoIBo8j7p_Bo-r7BWo9giQ1NDZ325q1YJqpCo8Bgt_M2VPJdaz_og1pnF_jzZq1h9zMx6qjV7__-uP7NJeM2qz7g23jPZq7B2PfBiH72F3s-DPuKa1MhszsBF3jo-ojBke3BHe72fyfODQMV9o3gsZJ2f3jx3qMzc69Cqe7jfZ32Cq1hAZSgsQ3hXyurOgMHaqIgszsBF3jo-ojBke3BHe72dgVP383u36_CgufzEZ325q3zIH_xMzpBNyuPjrc-WzSoyHSzDguxjPMoW1MggQ_BfypoZQcoX8AxxHO-M3BxtqVjp13BHe72E3_UN8u2363BsQ_jpyp-uq1Y2Z9P-q9P2yp-6PMoWuMgsHBgtyfO6Q7BkQfB6zJ77_c2zoJO11_u6uJVE_7z08JY1_3BM1_7YUiFiyfV7g3P5rSBwrRuSgfupPVYxPIzaq3-OPc1i6BDiHpKOHiUDUseFHAjibmUp6_1dUiFiHpUpUiFiHpj7Ha-Pbm-ag3hBPMVXyfuwrfo5rM1i6snX6AjpoAeposJF6ArFo_1F6ZFirI-2yfuwyMBjUstaH_nFbm-SQfVD9fBjUstabm-Mq3NxQVYag3hay3N09fVjrfo5rM1i6sJaHsyXHpyF6AJaHsHhopyaoiFir9uBrSBwrMuDrMVXqOYpyfYagZUEHmd7Hs1fo_nO6_eNH_rfHpjaoI7?is_search=1&page=1&management_type=1&pub_id=0&src=find&pub_domain=0&keywords=pc+rakitan&pub_unit=0&ob=23&r=https%3A%2F%2Fwww.tokopedia.com%2Fjaktech-id%2Fpc-rakitan-core-i5-monitor-19-ram-8-gb-ssd-pc-admin-kantor-op3-i3-4gb-pc-full-set-19-41492%3FextParam%3Dcmp%253D1%2526ivf%253Dfalse%26src%3Dtopads&t=desktop&dv=desktop,https://images.tokopedia.net/img/cache/200-square/VqbcmM/2024/8/20/3a6745b4-28d7-44ac-a399-41701967ee50.jpg.webp?ect=4g
pc rakitan h81 windows 10,Rp600.000,https://ta.tokopedia.com/promo/v1/clicks/8a-xgVY2gmUEHsJ7oprh6_rRbm-xgVY789CBUsthbm-Orfua9fBjUstiHmUDUSz2Q31i6sJRHpUaH_yfopJDUMoFyaUEHsrOHmFircYpq9z2Qfdi6sHDUMVDgaUEUSo7QuY0rfuS9fFp9fFa9fFhUiFiQSuWyMua9fYM9fVjraUEHs1DUMNOQ3-BrBYxgIowrMuhUstaoZFiyfV79fBjraUE3pUNoaFa6_KDHpKOHB7DUMNwyfVXgcBjy9zB9fVjraUEHsKNbm-xyBY7g9o7Usti_iUDUSC5rRzwy3hSUstigcuMUiFiPMuarfB5QiUEUSyaUiFiy3zwrfo5rM1i6sKOomdhH_efHpJa6AUfopK7bm-pHOYDQfri6i-B812kgJxGgBBXZSgjH7NDZ325q1OAZ9o-Q1dFyfFN8B29zSBgHMP2_fB-P7B2PfBxHByOgAUN8u2c692gHsBN3Bo-ojBke3BHe72OysUOqB2_Z_g-qMrO_jzoHuB139xHuczt_s-VPJNJ1_Cgq_Vt3uzgP7h1_MhozVVR3_-ZqVBW1MWqe7BpZ37N83V9gICiQAB03BxmgMV913Bvq1BRZ3BRq3UpZSCqHMhO3Aom83Ua1sVgHO-MyuPzq1Y2Z9P-q9P2ysoGrVtaQIuyH7N5ysomgMV913Bvq1BRZ3BRq3oyuMhsQMhMgJPcQMoNZ_g-Q9PE3I2ooJN1ZsxMzpBNyuPjrc-WzSoyHSzDguxjPMoW1MggQ_BfypoZQcoX8AxizJ2pysoj6cgIPRxizpjpgjxduV-ugJNZu_uu3ACD_O-crfNsz7OSyfOcrMVy1Mxiq3zjgjxd8MzIH_xMzRzE3BPj6cgc_jgZHAVcuchZgB-uo1x983zR39Bm8uB9PICjz7gOZsJh6cgI_MB-q9P2yp-6PMoWuMggQj2fgAo6QJBkQfBoe7BpZ3N6qMUpZMhyH7ND3uxGqMVAZ_g-qj77_Mj7P7NkypV6zcoE_7zzHjO1qR2-QsnYUiFiyfhOrRzBrBY2gVYfHiUEosKdoiFiyfV7g3P5rSBwrRuSgfupPVYxPIzaq3-OPc1i6BDiHpKOHiUDUseFHAjibmUp6_1dUiFiHpUpUiFiHpj7Ha-Pbm-FrMBsguYiq3ei6sURo_nDUMP5y3hwq3ei6sUDUMg2QMVD9R-BQI-xQMWwy3zpyfYagZUEH_JpomdpHsrfH_rfHpjfHpehbm-hP3ua8uYag3hay3N09RosQR-BUstFbseOH_jhoAn7osrNo_eaH_gY?ob=23&dv=desktop&pub_id=0&t=desktop&r=https%3A%2F%2Fwww.tokopedia.com%2Ftopik-madur%2Fpc-rakitan-h81-windows-10%3FextParam%3Divf%253Dfalse%26src%3Dtopads&keywords=pc+rakitan&is_search=1&page=1&management_type=2&src=find&pub_unit=0&pub_domain=0,https://images.tokopedia.net/img/cache/200-square/VqbcmM/2024/1/31/6fc42b34-cadf-4c03-8f7a-d7845138d380.jpg.webp?ect=4g
PC Rakitan Intel Core i5 12400 gen 12 | ssd nvme | ram 8/16gb - STARBURN BLACK. 8GB,Rp4.299.000,https://ta.tokopedia.com/promo/v1/clicks/8a-xgVY2gmUEH_rfHpraHAKRbm-xgVY789CBUsthbm-Orfua9fBjUstiHmUDUSz2Q31i6sJRHpUaH_yfopJDUMoFyaUEH_rOHmFircYpq9z2Qfdi6seDUMVDgaUEUSo7QuY0rfuS9fFp9fFa9fFhUiFiQSuWyMua9fYM9fVjraUEHs1DUMNOQ3-BrBYxgIowrMuhUstaoZFiyfV79fBjraUE3pUNoaFa6_KDHpKOHB7DUMNwyfVXgcBjy9zB9fVjraUEHsKNbm-xyBY7g9o7Usti_iUDUSC5rRzwy3hSUstigcuMUiFiPMuarfB5QiUEUSyaUiFiy3zwrfo5rM1i6sKR6mdNo_yN6_e7ose7HpURbm-pHOYDQfri6i-B812kgJxGgBBXZSgjH7NDZ325q1OAZ9o-Q1dFyfFN8B29zSBgHMP2_fB-P7B2PfBxHByOgAUN8u2c692gHsBN3Bo-ojBke3BHe72OysUOqB2_Z_g-qMrO_jzoHuB139xHuczt_s-VPJNJ1_Cgq_Vt3uzgP7h1_MhozVVR3_-ZqVBW1MWqe7BpZ37N83V9gICiQAB03BxmgMV913Bvq1BRZ3BRq3UpZSCqHMhO3Aom83Ua1sVgHO-MyuPzq1Y2Z9P-q9P2ysoGrVtaQIuyH7N5ysomgMV913Bvq1BRZ3BRq3oyuMhsQMhMgJPcQMoNZ_g-Q9PE3I2ooJN1ZsxMzpBNyuPjrc-WzSoyHSzDguxjPMoW1MggQ_BfypoZQcoX8AxizJ2pysoj6cgIPRxizpjpgjxduV-ugJNZu_uu3ACD_O-crfNsz7OSyfOcrMVy1Mxiq3zjgjxd8MzIH_xMzRzE3BPj6cgc_jgZHAVcuchZgB-uo1x983zR39Bm8uB9PICjz7gOZsJh6cgI_MB-q9P2yp-6PMoWuMggQj2fgAo6QJBkQfBoe7BpZ3N6qMUpZMhyH7ND3uxGqMVAZ_g-qj7O_Sj781Y13_VoqjJF_OzVHJNJ_3BM1_7YUiFiyfhOrRzBrBY2gVYfHiUEoAKF6_HDUMoxPcuSQR-N9RoOgfPBrRzwy9z7rMBiP9zBUs2QUsHdo_UibmU7HAnNUiFiHpjO6mUDUsHaHaUDUsHNoAHi9ZFigR-5P9CwrRzay9zBgRji6BDhbA-Pbm-FrMBsguYiq3ei6sJRo_nDUMP5y3hwq3ei6sUDUMg2QMVD9R-BQI-xQMWwy3zpyfYagZUEH_nRHmddosyfH_Kho_jp6ZFir9uBrSBwrMuDrMVXqOYpyfYagZUEHmdpH_j7o_jfosehHpKaHsJawe?dv=desktop&pub_unit=0&pub_id=0&management_type=1&ob=23&keywords=pc+rakitan&r=https%3A%2F%2Fwww.tokopedia.com%2Fpoint99%2Fpc-rakitan-intel-core-i5-12400-gen-12-ssd-nvme-ram-8-16gb-starburn-black-8gb-9d820%3FextParam%3Divf%253Dfalse%26src%3Dtopads&t=desktop&src=find&pub_domain=0&is_search=1&page=1,https://images.tokopedia.net/img/cache/200-square/VqbcmM/2023/10/28/55c123d0-a509-47f9-8b34-916b0b42e8e1.jpg.webp?ect=4g
PC Rakitan ROVA Kumi Mini 3200G / DDR4 8GB / NVME 256GB,Rp2.849.000,https://ta.tokopedia.com/promo/v1/clicks/8a-xgVY2gmUEHsHhHpUF6_Kpbm-xgVY789CBUsthbm-Orfua9fBjUstiHmUDUSz2Q31i6sJRHpUaH_yfopJDUMoFyaUEH_1OHmFircYpq9z2Qfdi6s1DUMVDgaUEUSo7QuY0rfuS9fFp9fFa9fFhUiFiQSuWyMua9fYM9fVjraUEHs1DUMNOQ3-BrBYxgIowrMuhUstaoZFiyfV79fBjraUE3pUNoaFa6_KDHpKOHB7DUMNwyfVXgcBjy9zB9fVjraUEHsKNbm-xyBY7g9o7Usti_iUDUSC5rRzwy3hSUstigcuMUiFiPMuarfB5QiUEUSyaUiFiy3zwrfo5rM1i6sKpHmdaHsUfopJdHAJRosedbm-pHOYDQfri6i-B812kgJxGgBBXZSgjH7NDZ325q1OAZ9o-Q1dFyfFN8B29zSBgHMP2_fB-P7B2PfBxHByOgAUN8u2c692gHsBN3Bo-ojBke3BHe72OysUOqB2_Z_g-qMrO_jzoHuB139xHuczt_s-VPJNJ1_Cgq_Vt3uzgP7h1_MhozVVR3_-ZqVBW1MWqe7BpZ37N83V9gICiQAB03BxmgMV913Bvq1BRZ3BRq3UpZSCqHMhO3Aom83Ua1sVgHO-MyuPzq1Y2Z9P-q9P2ysoGrVtaQIuyH7N5ysomgMV913Bvq1BRZ3BRq3oyuMhsQMhMgJPcQMoNZ_g-Q9PE3I2ooJN1ZsxMzpBNyuPjrc-WzSoyHSzDguxjPMoW1MggQ_BfypoZQcoX8AxizJ2pysoj6cgIPRxizpjpgjxduV-ugJNZu_uu3ACD_O-crfNsz7OSyfOcrMVy1Mxiq3zjgjxd8MzIH_xMzRzE3BPj6cgc_jgZHAVcuchZgB-uo1x983zR39Bm8uB9PICjz7gOZsJh6cgI_MB-q9P2yp-6PMoWuMggQj2fgAo6QJBkQfBoe7BpZ3N6qMUpZMhyH7ND3uxGqMVAZ_g-qj7p_BH781NkgRx6qBuE_BzgH1OkZ9x-QsnYUiFiyfhOrRzBrBY2gVYfHiUEopeFHmFiyfV7g3P5rSBwrRuSgfupPVYxPIzaq3-OPc1i6BDiHpKOHiUDUseFHAjibmUp6_1dUiFiHpUpUiFiHpj7Ha-Pbm-SrMYOrVYpPI-xPcuS8ZUE3pJDHB7DUSCaq3oB9f-2gmUEH_1OHmFigfYxQVY2gmUEHiFigMBXy3hwrMuDrMVXqOYxgIosQR-BUsthHAeRbs1ao_JpHs1FosJd6ZFir9uBrSBwrMuDrMVXqOYpyfYagZUEHmdOH_nR6_jNH_eFHsraHAUfwe?ob=23&pub_id=0&page=1&t=desktop&dv=desktop&keywords=pc+rakitan&pub_unit=0&management_type=1&r=https%3A%2F%2Fwww.tokopedia.com%2Fit-shoponline%2Fpc-rakitan-rova-kumi-mini-3200g-ddr4-8gb-nvme-256gb%3FextParam%3Divf%253Dfalse%26src%3Dtopads&src=find&pub_domain=0&is_search=1,https://images.tokopedia.net/img/cache/200-square/VqbcmM/2024/10/18/9e52428c-1052-4b19-bf9d-bc9d541aae92.jpg.webp?ect=4g
PC Rakitan EK Gaming BattleStealth WHITE SE - Ryzen 5 Enter Komputer,Rp5.300.000,https://www.tokopedia.com/enterkomputer/pc-rakitan-ek-gaming-battlestealth-white-se-ryzen-5-enter-komputer-white-se-pc-9e6b8?extParam=ivf%3Dfalse%26keyword%3Dpc+rakitan%26search_id%3D20241121191141C9CE5E9D202E96008CQC,https://images.tokopedia.net/img/cache/200-square/VqbcmM/2024/11/6/53ab4c98-2993-4a52-a406-2ce6bdad643e.jpg.webp?ect=4g
PC / CPU / KOMPUTER RAKITAN CORE i5 BARU GARANSI 1 TAHUN,Rp1.274.000,https://www.tokopedia.com/hanscomputer/pc-cpu-komputer-rakitan-core-i5-baru-garansi-1-tahun-hdd-500gb-4gb-8606e?extParam=ivf%3Dfalse%26keyword%3Dpc+rakitan%26search_id%3D20241121191141C9CE5E9D202E96008CQC,https://images.tokopedia.net/img/cache/200-square/VqbcmM/2023/4/4/8c453e53-af1b-4508-b194-655211604123.jpg.webp?ect=4g
IMBA CheapSHOT PC | i5-12400F | RTX 4060 | 16GB | Rakitan Gaming PC,Rp9.694.000,https://www.tokopedia.com/imbapc/imba-cheapshot-pc-i5-12400f-rtx-4060-16gb-rakitan-gaming-pc?extParam=ivf%3Dfalse%26keyword%3Dpc+rakitan%26search_id%3D20241121191141C9CE5E9D202E96008CQC,https://images.tokopedia.net/img/cache/200-square/VqbcmM/2023/7/5/2f237c85-3290-48e8-9914-762388c802e3.jpg.webp?ect=4g
COC GAMER'S BOX V129.0 - Paket PC Rakitan RTX 4060,Rp9.249.000,https://www.tokopedia.com/cockomputer/coc-gamer-s-box-v129-0-paket-pc-rakitan-rtx-4060?extParam=ivf%3Dfalse%26keyword%3Dpc+rakitan%26search_id%3D20241121191141C9CE5E9D202E96008CQC,https://images.tokopedia.net/img/cache/200-square/VqbcmM/2024/9/21/235741aa-930b-4aa3-95c1-9f852e8d8e34.png.webp?ect=4g
PC Rakitan Fullset Intel i7 4770 RAM 16GB SSD 1 TB For Home | Office,Rp3.177.200,https://www.tokopedia.com/jnckomputer/pc-rakitan-fullset-intel-i7-4770-ram-16gb-ssd-1-tb-for-home-office-monitor-19-inch-4gb-128gb-sata-d0018?extParam=ivf%3Dfalse%26keyword%3Dpc+rakitan%26search_id%3D20241121191141C9CE5E9D202E96008CQC,https://images.tokopedia.net/img/cache/200-square/VqbcmM/2024/5/29/3c414558-c3c5-41a8-9113-25b84e21a53b.jpg.webp?ect=4g
PC Rakitan Fullset Ryzen 5 5600G RAM 32GB SSD 512GB For Gaming|Office,Rp5.755.500,https://www.tokopedia.com/jnckomputer/pc-rakitan-fullset-ryzen-5-5600g-ram-32gb-ssd-512gb-for-gaming-office-monitor-19-inch-8gb-128gb-nvme-0457d?extParam=ivf%3Dfalse%26keyword%3Dpc+rakitan%26search_id%3D20241121191141C9CE5E9D202E96008CQC,https://images.tokopedia.net/img/cache/200-square/VqbcmM/2024/3/19/15020f3c-ccf6-4ff6-bbe5-febd19f19d27.jpg.webp?ect=3g
PC Rakitan Gaming Full Set AMD Ryzen 5 5600G | RAM 16GB | SSD ,Rp4.580.000,https://www.tokopedia.com/gxcompbandung/pc-rakitan-gaming-full-set-amd-ryzen-5-5600g-ram-16gb-ssd-pc-only-16gb-256gb-ssd-a15b5?extParam=ivf%3Dtrue%26keyword%3Dpc+rakitan%26search_id%3D20241121191141C9CE5E9D202E96008CQC,https://images.tokopedia.net/img/cache/200-square/VqbcmM/2023/8/29/9e27b440-ee94-40ac-bb9d-120a352af838.png.webp?ect=3g
PC Rakitan EK Gaming BattleForteer EX - Ryzen 5 RTX 4060 EnterKomputer,Rp14.790.000,https://www.tokopedia.com/enterkomputer/pc-rakitan-ek-gaming-battleforteer-ex-ryzen-5-rtx-4060-enterkomputer-forteer-406-s-pc-5586f?extParam=ivf%3Dfalse%26keyword%3Dpc+rakitan%26search_id%3D20241121191141C9CE5E9D202E96008CQC,https://assets.tokopedia.net/assets-tokopedia-lite/v2/zeus/kratos/85cc883d.svg
PC Gaming i5 12400 RTX 4060 Rakitan High End Design Editing Rendering Siap Pakai,Rp7.099.000,https://www.tokopedia.com/jaktech-id/pc-gaming-i5-12400-rtx-4060-rakitan-high-end-design-editing-rendering-siap-pakai-cgb-gtx1650-4b5cf?extParam=ivf%3Dfalse%26keyword%3Dpc+rakitan%26search_id%3D20241121191141C9CE5E9D202E96008CQC,https://images.tokopedia.net/img/cache/200-square/VqbcmM/2024/9/13/1203f7fb-3d16-4152-825c-9b5f857db388.jpg.webp?ect=3g
IMBA CheapSHOT PC | i5-11400F | RTX 3050 | 8GB | Rakitan Gaming PC,Rp7.000.000,https://www.tokopedia.com/imbapc/imba-cheapshot-pc-i5-11400f-rtx-3050-8gb-rakitan-gaming-pc?extParam=cmp%3D1%26ivf%3Dfalse%26keyword%3Dpc+rakitan%26search_id%3D20241121191141C9CE5E9D202E96008CQC,https://images.tokopedia.net/img/cache/200-square/VqbcmM/2024/9/13/9b9831ca-571b-498d-9c76-820bda2b713f.jpg.webp?ect=3g
Core i5 | 8 GB | Full Set | CPU Komputer | PC Rakitan,Rp2.499.000,https://ta.tokopedia.com/promo/v1/clicks/8a-xgVY2gmUE6_Hd6_rFHAKDUMVj9RzNrc1i6sJDUSupg9-wq3ei6iUFUiFiPcBWgZUEH_rpHsUhosyRHZFiyRCsUsthHsnFbm-FQRo2PcB5QiUEH_JDUMWB89P5rMzwq3ei6syFos176_1OopnDUMVDgaUEUMW79RCtrMVpguY7QZUDUMNOQ3-BrBY5gBYxgIHi6sUObm-XP3Oig9-wy3zp9R-BrZUEHs1DUMoxPVY2gIHi6BDa6_rDHsjdbAHdo_-Pbm-X9foxQMz2gcV7guYxgIHi6sUd6ZFiy3-wPcupPmUEUjdibm-FQRo79fVDgaUEUMoFyOYpqcYF9RuXrZUDUSgBrSo2Qfdi6i-fHiUDUMVj9RosQR-BUstdHpyXHpKRoseRHpKOoAydbm-pHOYDQfri6i-B812kgJxGgBBXZSgjH7NDZ325q1OAZ9o-Q1dFyfFN8B29zSBgHMP2_fB-8JhkyR2vuJuE_1zz8jNJypzoqBBR_7zgq1hAZS-q3cFpysoGqOKp_M2iH72DZ325q1OAoIxozVu2_JoGP3Uao32q17jfZ32So1NJ__VguVBd_VzjqJdaz9z6zVJF33jhqVB139PHuJND_1zzPOja1MxgQu-03jo-r7BW69BxufzFyMFNqO2yeMgxuOV2_fB-P7B2PfBiH72F3s-DPuKpeSBiHBUh3_oZgMV913Bvq1BRZ3BRq3UpZSCqHMhO3Ao6QfUpeMgxuOV2_fB-P7B2PfBs3VgDyfNDgMzIzMNs81jfZ3NZPcgU8IgsQ3hXyurOqc-c69-q3cFpysoGqOKaZSgiH7dF3BxG6cgIPACyHj2Nys-cqfgU8I-jzsBRy1xGqcHau3BHe72E3_UN8u2363BsQ_jpyp-uq1Y2Z9P-q9P2yp-6PMoWuMgsHBgtyfO6Q7BkQfBo8MH7_c2CH1NJypuozJ1F_jzzH7N1qfBM1_7YUiFiyfV7g3P5rSBwrRuSgfupPVYxPIzaq3-OPc1i6BDiHpKOHiUDUseFHAjibmUp6_1dUiFiHpUpUiFiHpj7Ha-Pbm-ag3hBPMVXyfuwrfo5rM1i6snX6A1dHp1FHA1FopyhHpjhHZFirI-2yfuwyMBjUsthHsnFbm-SQfVD9fBjUstabm-Mq3NxQVYag3hay3N09fVjrfo5rM1i6sjp6ZdRHpHh6AHfo_Haopjhbm-hP3ua8uYag3hay3N09RosQR-BUstFbsJOo_UFo_KNHsya6_jaHAn7we?r=https%3A%2F%2Fwww.tokopedia.com%2Fteknologicomputer%2Fcore-i5-8-gb-full-set-cpu-komputer-pc-rakitan-4gb-ssd-128gb-2e94e%3FextParam%3Divf%253Dtrue%26src%3Dtopads&keywords=pc+rakitan&page=1&pub_unit=0&t=desktop&dv=desktop&pub_id=0&ob=23&management_type=1&src=find&is_search=1&pub_domain=0,https://assets.tokopedia.net/assets-tokopedia-lite/v2/zeus/kratos/85cc883d.svg
pc rakitan core i7,Rp2.000.000,https://ta.tokopedia.com/promo/v1/clicks/8a-xgVY2gmUEH_HOoAnRH_KFbm-xgVY789CBUsthbm-Orfua9fBjUstiHmUDUSz2Q31i6sJRHpUaH_yfopJDUMoFyaUEHs1FHmFircYpq9z2Qfdi6sJabm-xQcri6i-pPcOwqRoBgOYDHOYDHBYDHZUDUMNOQ3-BrBY5gBYxgIHi6sUObm-XP3Oig9-wy3zp9R-BrZUEHs1DUMoxPVY2gIHi6BDa6_rDHsjdbAHdo_-Pbm-X9foxQMz2gcV7guYxgIHi6sUd6ZFiy3-wPcupPmUEUjdibm-FQRo79fVDgaUEUMoFyOYpqcYF9RuXrZUDUSgBrSo2Qfdi6i-fHiUDUMVj9RosQR-BUstR6AUXHAr7HpKf6_HdoAyO6mFirpowQcYSUstig9BGqMzUZMggQj2fgAo6QJBkQfBoe7BpZ3O6HcoD692qu7gN3_-Sq1Y2Z9P-q9P2y_-3o3ea69BqzsBE3_UN8u2_Z_g-qjV2_JoGP3Uao32q17jfZ32So1NJ__VguVBd_VzjqJdaz9z6zVJF33jhqVB139PHuJND_1zzPOja1MxgQu-03jo-r7BW69BxufzFyMFNqO2yeMgxuOV2_fB-P7B2PfBiH72F3s-DPuKpeSBiHBUh3_oZgMV913Bvq1BRZ3BRq3UpZSCqHMhO3Ao6QfUpeMgxuOV2_fB-P7B2PfBs3VgDyfNDgMzIzMNs81jfZ3OR8BxE__z6uJtdgjrN83V9gICiQ1gp3A-7QcuygIgsQu-M337NPMHp1MhsQSKdyjzGrfUpgAxMzRPdyjrNHfgU8VzZu3z61B1OuuKFQJYZzSoXy7PogfoWzS-x3V-tyMBjgcgU8I2jzpJdgjP78B29gAxMzjNc1snhzBzD1MgZu_uUuRBjPOBNeSBguRzFgJPcP1thH_xMz7N2Z3BRq3Ha_SgsQugM33NGPMep_Mh-qMY2_1o-r7BX_M2iH72D3Ao6QVByZM2xe7jfZ32oH1ONoAVozVJp_1zzHjO1__VouJ7F_SBG6ZUDUMoDP9o7g9-wq3zwPsUi6sJRoprpbm-sy9zBgfYa8uYpP3PSg9o79fV7PI-2ySu7gZUE3aUp6A1aUiFioAnF6ZUDUsHNo_KibmUpHsHibmUp6_epUB7DUSCaq3oB9f-2gmUEHs1FHmFigfYxQVY2gmUEHiFigMBXy3hwrMuDrMVXqOYxgIosQR-BUsthHAnabsUhHpjpo_Up6_1RHsHDUSVOg9-N9R-BQI-xQMWwrfo5rM1i6snXHp176_HdosyFoAraHsHOHsPY?r=https%3A%2F%2Fwww.tokopedia.com%2Freankcentral%2Fpc-rakitan-core-i7%3FextParam%3Divf%253Dfalse%26src%3Dtopads&t=desktop&page=1&dv=desktop&pub_unit=0&keywords=pc+rakitan&ob=23&management_type=2&src=find&pub_id=0&is_search=1&pub_domain=0,https://assets.tokopedia.net/assets-tokopedia-lite/v2/zeus/kratos/85cc883d.svg
PROMO PC Mini Rakitan Intel Core i5-4590 3.3GHz / RAM 16GB / SSD 512GB - NO KEY+MOU HDD. 4GB|128GB NVME,Rp1.728.000,https://ta.tokopedia.com/promo/v1/clicks/8a-xgVY2gmUEH_eho_Uh6_1Rbm-xgVY789CBUsthbm-Orfua9fBjUstiHmUDUSz2Q31i6sJRHpUaH_yfopJDUMoFyaUEH_UFHmFircYpq9z2Qfdi6sJpbm-xQcri6i-pPcOwqRoBgOYDHOYDHBYDHZUDUMNOQ3-BrBY5gBYxgIHi6sUObm-XP3Oig9-wy3zp9R-BrZUEHs1DUMoxPVY2gIHi6BDa6_rDHsjdbAHdo_-Pbm-X9foxQMz2gcV7guYxgIHi6sUd6ZFiy3-wPcupPmUEUjdibm-FQRo79fVDgaUEUMoFyOYpqcYF9RuXrZUDUSgBrSo2Qfdi6i-fHiUDUMVj9RosQR-BUstdH_1XoAHfHprd6_npH_rFHZFirpowQcYSUstig9BGqMzUZMggQj2fgAo6QJBkQfBoe7BpZ3O6HcoD692qu7gN3_-Sq1Y2Z9P-q9P2y_-3o3ea69BqzsBE3_UN8u2_Z_g-qjV2_JoGP3Uao32q17jfZ32So1NJ__VguVBd_VzjqJdaz9z6zVJF33jhqVB139PHuJND_1zzPOja1MxgQu-03jo-r7BW69BxufzFyMFNqO2yeMgxuOV2_fB-P7B2PfBiH72F3s-DPuKpeSBiHBUh3_oZgMV913Bvq1BRZ3BRq3UpZSCqHMhO3Ao6QfUpeMgxuOV2_fB-P7B2PfBs3VgDyfNDgMzIzMNs81jfZ3OR8BxE__z6uJtdgjrN83V9gICiQ1gp3A-7QcuygIgsQu-M337NPMHp1MhsQSKdyjzGrfUpgAxMzRPdyjrNHfgU8VzZu3z61B1OuuKFQJYZzSoXy7PogfoWzS-x3V-tyMBjgcgU8I2jzpJdgjP78B29gAxMzjNc1snhzBzD1MgZu_uUuRBjPOBNeSBguRzFgJPcP1thH_xMz7N2Z3BRq3Ha_SgsQugM33NGPMep_Mh-qMY2_1o-r7BX_M2iH72D3Ao6QVByZM2xe7jfZ32oHjYAoAVvzVJa_32sP7NEu_zo8BjOZ3dFvZUDUMoDP9o7g9-wq3zwPsUi6sedHAjpbm-sy9zBgfYa8uYpP3PSg9o79fV7PI-2ySu7gZUE3aUp6A1aUiFioAnF6ZUDUsHNo_KibmUpHsHibmUp6_epUB7DUMPaQRuF9Ro7rMV7g3PNUs2QHZFa9ZFirI-2yfuwyMBjUsthHsnFbm-SQfVD9fBjUstabm-Mq3NxQVYag3hay3N09fVjrfo5rM1i6sjaoadpo_KpHpj7oAeRoAeabm-hP3ua8uYag3hay3N09RosQR-BUstFbsJRop1hHp1fH_HNoprho_yOwe?src=find&pub_unit=0&keywords=pc+rakitan&ob=23&t=desktop&is_search=1&page=1&pub_domain=0&dv=desktop&pub_id=0&management_type=1&r=https%3A%2F%2Fwww.tokopedia.com%2Fjnckomputer%2Fpromo-pc-mini-rakitan-intel-core-i5-4590-3-3ghz-ram-16gb-ssd-512gb-no-key-mou-hdd-4gb-128gb-nvme%3FextParam%3Divf%253Dfalse%26src%3Dtopads,https://assets.tokopedia.net/assets-tokopedia-lite/v2/zeus/kratos/85cc883d.svg
pc core i3 rakitan gen2,Rp450.000,https://ta.tokopedia.com/promo/v1/clicks/8a-xgVY2gmUE6A1dH_JhHAKDUMVj9RzNrc1i6sJDUSupg9-wq3ei6iUFUiFiPcBWgZUEH_rpHsUhosyRHZFiyRCsUstao_nFbm-FQRo2PcB5QiUEH_eDUMVDgaUEUSo7QuY0rfuS9fFp9fFa9fFhUiFiQSuWyMua9fYM9fVjraUEHs1DUMNOQ3-BrBYxgIowrMuhUstaoZFiyfV79fBjraUE3pUNoaFa6_KDHpKOHB7DUMNwyfVXgcBjy9zB9fVjraUEHsKNbm-xyBY7g9o7Usti_iUDUSC5rRzwy3hSUstiyRCs9RotQRCwP3NhUiFiPMuarfB5QiUEUSyaUiFiy3zwrfo5rM1i6srNHmdaH_HpHpKposnhHAypbm-pHOYDQfri6i-B812kgJxGgBBXZSgjH7NDZ325q1OAZ9o-Q1dFyfFN8B29zSBgHMP2_fB-P7B2PfBxHByOgAUN8u2c692gHsBN3Bo-ojBke3BHe72OysUOqB2_Z_g-qMrO_jzoHuB139xHuczt_s-VPJNJ1_Cgq_Vt3uzgP7h1_MhozVVR3_-ZqVBW1MWqe7BpZ37N83V9gICiQAB03BxmgMV913Bvq1BRZ3BRq3UpZSCqHMhO3Aom83Ua1sVgHO-MyuPzq1Y2Z9P-q9P2ysoGrVtaQIuyH7N5ysomgMV913Bvq1BRZ3BRq3oyuMhsQMhMgJPcQMoNZ_g-Q9PE3I2ooJN1ZsxMzpBNyuPjrc-WzSoyHSzDguxjPMoW1MggQ_BfypoZQcoX8AxizJ2pysoj6cgIPRxizpjpgjxduV-ugJNZu_uu3ACD_O-crfNsz7OSyfOcrMVy1Mxiq3zjgjxd8MzIH_xMzRzE3BPj6cgc_jgZHAVcuchZgB-uo1x983zR39Bm8uB9PICjz7gOZsJh6cgI_MB-q9P2yp-6PMoWuMggQj2fgAo6QJBkQfBoe7BpZ3N6qMUpZMhyH7ND3uxGqMVAZ_g-qj7h_Sj78JYJ__VvzVVE_BzzHjN1z_C-QsnYUiFiyfhOrRzBrBY2gVYfHiUEH_rRopHDUMoxPcuSQR-N9RoOgfPBrRzwy9z7rMBiP9zBUs2QUsHdo_UibmU7HAnNUiFiHpjO6mUDUsHaHaUDUsHNoAHi9ZFirI-2yfuwyMBjUstao_nFbm-SQfVD9fBjUstabm-Mq3NxQVYag3hay3N09fVjrfo5rM1i6sjNoadOopepopK7HAjaoAndbm-hP3ua8uYag3hay3N09RosQR-BUstFbsUNH_HRH_1OH_Ja6AefoAgY?dv=desktop&keywords=pc+rakitan&src=find&management_type=2&is_search=1&t=desktop&r=https%3A%2F%2Fwww.tokopedia.com%2Freankcentral%2Fpc-core-i3-rakitan-gen2%3FextParam%3Divf%253Dfalse%26src%3Dtopads&pub_id=0&ob=23&pub_unit=0&page=1&pub_domain=0,https://assets.tokopedia.net/assets-tokopedia-lite/v2/zeus/kratos/85cc883d.svg
PC RAKITAN INTEL CORE I5 4590,Rp1.850.000,https://ta.tokopedia.com/promo/v1/clicks/8a-xgVY2gmUEH_UN6AKRosrpbm-xgVY789CBUsthbm-Orfua9fBjUstiHmUDUSz2Q31i6sJRHpUaH_yfopJDUMoFyaUEH_UFHmFircYpq9z2Qfdi6sJObm-xQcri6i-pPcOwqRoBgOYDHOYDHBYDHZUDUMNOQ3-BrBY5gBYxgIHi6sUObm-XP3Oig9-wy3zp9R-BrZUEHs1DUMoxPVY2gIHi6BDa6_rDHsjdbAHdo_-Pbm-X9foxQMz2gcV7guYxgIHi6sUd6ZFiy3-wPcupPmUEUjdibm-FQRo79fVDgaUEUMoFyOYpqcYF9RuXrZUDUSgBrSo2Qfdi6i-fHiUDUMVj9RosQR-BUstR6AHXH_JOHsefHpKFHArd6ZFirpowQcYSUstig9BGqMzUZMggQj2fgAo6QJBkQfBoe7BpZ3O6HcoD692qu7gN3_-Sq1Y2Z9xHqMPd_7zVoJO1gRxvzJ17_uzS8JYJz3BHe72a3BxDHfUpZMWyH7NkysoGQJBkQfBoe7BpZ37OPM-W_Mh-qMY2_7z0HJOEuMx6qju7_s-VHOB_HAC6zV-2_VPcqJNke9zoHBuR_jzmqB2IzMBqzO-0Z3BRq3UpZSCqHMhO3A-ZQcoc69Cqe7jfZ32Cq1hAZSgsQ3hXyurOgMoUZSgqZVgkgJyNrV2AZ_g-qjV2_JoGPMoWQcNxupuMyp-tPMoc69Cqe7jfZ32Cq1hAZSxjuOgNguyNHVB9gI2-qMY2yjz6gjOEgpVoQSKdysoGrVtaQIuguRxMy_-3o3ea69BqzsB2ysUN8MzIuSBMZIxp_3OdPMep8AxizJgpysoj6cgc_jgZHAVcuchZgBouo1u983zR39Bm8uB9PICjz7gOZsJh6cgU_sCi3IKdy_o6QVtp8AxuHVgUuVu3_Ogc61g1qfziZsomqjBUZMxxHMFF3ur7QBxy8AxgHjB2_JoG8Bja69BqusB2yf7NHfHau3Bvq1BRZ3BRq3Ha_SgsQugMyp-3qcoW_MY-qMY2_92u8jhkqpo6uJ17_32uP7Nkz_CvucP2gBJYvZUDUMoDP9o7g9-wq3zwPsUi6seFHsnObm-sy9zBgfYa8uYpP3PSg9o79fV7PI-2ySu7gZUE3aUp6A1aUiFioAnF6ZUDUsHNo_KibmUpHsHibmUp6_epUB7DUMPaQRuF9Ro7rMV7g3PNUs2QHZFa9ZFirI-2yfuwyMBjUsthHsnFbm-SQfVD9fBjUstabm-Mq3NxQVYag3hay3N09fVjrfo5rM1i6sjhoidfosepHs1dHsjaHpHDUSVOg9-N9R-BQI-xQMWwrfo5rM1i6snXHsKdoA1aHsJRHseO6_URopoY?t=desktop&is_search=1&pub_id=0&pub_domain=0&r=https%3A%2F%2Fwww.tokopedia.com%2Faksesoriska%2Fpc-rakitan-intel-core-i5-4590-ram-4gb-hd500-no-ssd%3FextParam%3Divf%253Dfalse%26src%3Dtopads&ob=23&management_type=1&dv=desktop&src=find&pub_unit=0&keywords=pc+rakitan&page=1,https://assets.tokopedia.net/assets-tokopedia-lite/v2/zeus/kratos/85cc883d.svg
PC Rakitan EK Gaming BattleMoonz PLUS Lite-NV SNOW - Ryzen 5 RTX 4060 - Enter Komputer,Rp11.750.000,https://www.tokopedia.com/enterkomputer/pc-rakitan-ek-gaming-battlemoonz-plus-lite-nv-snow-ryzen-5-rtx-4060-enter-komputer-moonz-406-snow-pc-pack-kayu-dc663?extParam=ivf%3Dfalse%26keyword%3Dpc+rakitan%26search_id%3D20241121191141C9CE5E9D202E96008CQC,https://assets.tokopedia.net/assets-tokopedia-lite/v2/zeus/kratos/85cc883d.svg
PC Rakitan EK Gaming BattleLionz V2 - Core i3 GTX 1650 Enter Komputer,Rp6.490.000,https://www.tokopedia.com/enterkomputer/pc-rakitan-ek-gaming-battlelionz-v2-core-i3-gtx-1650-enter-komputer-battlelionz-165-pc-cd7a4?extParam=ivf%3Dfalse%26keyword%3Dpc+rakitan%26search_id%3D20241121191141C9CE5E9D202E96008CQC,https://assets.tokopedia.net/assets-tokopedia-lite/v2/zeus/kratos/85cc883d.svg
PC Rakitan EK Gaming BattleFragment - Core i5 RX 580 Enter Komputer,Rp6.690.000,https://www.tokopedia.com/enterkomputer/pc-rakitan-ek-gaming-battlefragment-core-i5-rx-580-enter-komputer-fragment-580-pc-pack-kayu-f57fd?extParam=ivf%3Dfalse%26keyword%3Dpc+rakitan%26search_id%3D20241121191141C9CE5E9D202E96008CQC,https://assets.tokopedia.net/assets-tokopedia-lite/v2/zeus/kratos/85cc883d.svg
PC Rakitan EK Gaming Battlestar Lite NV-D5 - Core i5 RTX 3060 - Enter Komputer,Rp9.750.000,https://www.tokopedia.com/enterkomputer/pc-rakitan-ek-gaming-battlestar-lite-nv-d5-core-i5-rtx-3060-enter-komputer-star-lite-306-pc-d3091?extParam=ivf%3Dfalse%26keyword%3Dpc+rakitan%26search_id%3D20241121191141C9CE5E9D202E96008CQC,https://assets.tokopedia.net/assets-tokopedia-lite/v2/zeus/kratos/85cc883d.svg
PC Rakitan EK Gaming BattleStealth D5 - R5 8600G 16GB DDR5 EnterKom,Rp7.850.000,https://www.tokopedia.com/enterkomputer/pc-rakitan-ek-gaming-battlestealth-d5-r5-8600g-16gb-ddr5-enterkom-stealth-d5-wh-pc-ba81c?extParam=ivf%3Dfalse%26keyword%3Dpc+rakitan%26search_id%3D20241121191141C9CE5E9D202E96008CQC,https://assets.tokopedia.net/assets-tokopedia-lite/v2/zeus/kratos/85cc883d.svg
PC Rakitan Core i5/CPU Core i5/DDR 8GB/HDD 500GB,Rp1.310.000,https://www.tokopedia.com/persadacomputer/pc-rakitan-core-i5-cpu-core-i5-ddr-8gb-hdd-500gb-ultron-500gb-4g-b-96436?extParam=ivf%3Dfalse%26keyword%3Dpc+rakitan%26search_id%3D20241121191141C9CE5E9D202E96008CQC,https://assets.tokopedia.net/assets-tokopedia-lite/v2/zeus/kratos/85cc883d.svg
PC / CPU / KOMPUTER RAKITAN CORE i5 BARU GARANSI 1 TAHUN,Rp1.300.000,https://www.tokopedia.com/nenetcomputer/pc-cpu-komputer-rakitan-core-i5-baru-garansi-1-tahun-hdd-500gb-only-8gb?extParam=ivf%3Dfalse%26keyword%3Dpc+rakitan%26search_id%3D20241121191141C9CE5E9D202E96008CQC,https://assets.tokopedia.net/assets-tokopedia-lite/v2/zeus/kratos/85cc883d.svg
PC Rakitan Intel Core i5 12400 Gen12 Office - Komputer CPU RAM DDR4 WIFI & Bluetooth V5.3,Rp4.655.000,https://www.tokopedia.com/jnckomputer/pc-rakitan-intel-core-i5-12400-gen12-office-komputer-cpu-ram-ddr4-wifi-bluetooth-v5-3-ram-1x8gb-ddr4-256gb-m-2-nvme-4869a?extParam=ivf%3Dfalse%26keyword%3Dpc+rakitan%26search_id%3D20241121191141C9CE5E9D202E96008CQC,https://assets.tokopedia.net/assets-tokopedia-lite/v2/zeus/kratos/85cc883d.svg
PC Rakitan EK Office Fizzword Red-X - Ryzen 3 8GB Enter Komputer,Rp2.839.000,https://www.tokopedia.com/enterkomputer/pc-rakitan-ek-office-fizzword-red-x-ryzen-3-8gb-enter-komputer-red-x-v2-pc-pack-kayu-f10bd?extParam=ivf%3Dfalse%26keyword%3Dpc+rakitan%26search_id%3D20241121191141C9CE5E9D202E96008CQC,https://assets.tokopedia.net/assets-tokopedia-lite/v2/zeus/kratos/85cc883d.svg
PC RAKITAN/PC GAMING CORE I5 3470 RAM 8GB SSD 128 HDD 500GB VGA 2 GB,Rp1.255.000,https://www.tokopedia.com/takasimacomp/pc-rakitan-pc-gaming-core-i5-3470-ram-8gb-ssd-128-hdd-500gb-vga-2-gb-casing-std-500gb-vgaon?extParam=ivf%3Dfalse%26keyword%3Dpc+rakitan%26search_id%3D20241121191141C9CE5E9D202E96008CQC,https://assets.tokopedia.net/assets-tokopedia-lite/v2/zeus/kratos/85cc883d.svg
pc rakitan core i3 terlaris,Rp450.000,https://ta.tokopedia.com/promo/v1/clicks/8a-xgVY2gmUE6A1dH_JhH_JDUMVj9RzNrc1i6sJDUSupg9-wq3ei6iUFUiFiPcBWgZUEH_rpHsUhosyRHZFiyRCsUstao_nFbm-FQRo2PcB5QiUEH_yDUMVDgaUEUSo7QuY0rfuS9fFp9fFa9fFhUiFiQSuWyMua9fYM9fVjraUEHs1DUMNOQ3-BrBYxgIowrMuhUstaoZFiyfV79fBjraUE3pUNoaFa6_KDHpKOHB7DUMNwyfVXgcBjy9zB9fVjraUEHsKNbm-xyBY7g9o7Usti_iUDUSC5rRzwy3hSUstiyRCs9RotQRCwP3NhUiFiPMuarfB5QiUEUSyaUiFiy3zwrfo5rM1i6srdoadp6_nF6_nR6_U7o_jNbm-pHOYDQfri6i-B812kgJxGgBBXZSgjH7NDZ325q1OAZ9o-Q1dFyfFN8B29zSBgHMP2_fB-P7B2PfBxHByOgAUN8u2c692gHsBN3Bo-ojBke3BHe72OysUOqB2_Z_g-qMrO_jzoHuB139xHuczt_s-VPJNJ1_Cgq_Vt3uzgP7h1_MhozVVR3_-ZqVBW1MWqe7BpZ37N83V9gICiQAB03BxmgMV913Bvq1BRZ3BRq3UpZSCqHMhO3Aom83Ua1sVgHO-MyuPzq1Y2Z9P-q9P2ysoGrVtaQIuyH7N5ysomgMV913Bvq1BRZ3BRq3oyuMhsQMhMgJPcQMoNZ_g-Q9PE3I2ooJN1ZsxMzpBNyuPjrc-WzSoyHSzDguxjPMoW1MggQ_BfypoZQcoX8AxizJ2pysoj6cgIPRxizpjpgjxduV-ugJNZu_uu3ACD_O-crfNsz7OSyfOcrMVy1Mxiq3zjgjxd8MzIH_xMzRzE3BPj6cgc_jgZHAVcuchZgB-uo1x983zR39Bm8uB9PICjz7gOZsJh6cgI_MB-q9P2yp-6PMoWuMggQj2fgAo6QJBkQfBoe7BpZ3N6qMUpZMhyH7ND3uxGqMVAZ_g-qj7h_BH7o1OJypC6uJJ7_7z0HJNJ3_-6e7tNUiFiyfhOrRzBrBY2gVYfHiUEH_rRopHDUMoxPcuSQR-N9RoOgfPBrRzwy9z7rMBiP9zBUs2QUsHdo_UibmU7HAnNUiFiHpjO6mUDUsHaHaUDUsHNoAHi9ZFirI-2yfuwyMBjUstao_nFbm-SQfVD9fBjUstabm-Mq3NxQVYag3hay3N09fVjrfo5rM1i6sjNomdFH_naopKpH_npo_eNbm-hP3ua8uYag3hay3N09RosQR-BUstFbsUNH_HRH_1OH_Ja6AefoAgY?pub_unit=0&pub_domain=0&t=desktop&dv=desktop&page=1&pub_id=0&is_search=1&ob=23&src=find&management_type=2&r=https%3A%2F%2Fwww.tokopedia.com%2Freankcentral%2Fpc-rakitan-core-i3-terlaris%3FextParam%3Divf%253Dfalse%26src%3Dtopads&keywords=pc+rakitan,https://assets.tokopedia.net/assets-tokopedia-lite/v2/zeus/kratos/85cc883d.svg
Paket PC Rakitan Komputer CPU Kantor Intel Core i5 4590 SSD HD Gen 4 - RAM 4GB. HDD 500 NO SSD,Rp1.650.000,https://ta.tokopedia.com/promo/v1/clicks/8a-xgVY2gmUEH_1aH_JF6_Uhbm-xgVY789CBUsthbm-Orfua9fBjUstiHmUDUSz2Q31i6sJRHpUaH_yfopJDUMoFyaUEH_1FHmFircYpq9z2Qfdi6sJRbm-xQcri6i-pPcOwqRoBgOYDHOYDHBYDHZUDUMNOQ3-BrBY5gBYxgIHi6sUObm-XP3Oig9-wy3zp9R-BrZUEHs1DUMoxPVY2gIHi6BDa6_rDHsjdbAHdo_-Pbm-X9foxQMz2gcV7guYxgIHi6sUd6ZFiy3-wPcupPmUEUjdibm-FQRo79fVDgaUEUMoFyOYpqcYF9RuXrZUDUSgBrSo2Qfdi6i-fHiUDUMVj9RosQR-BUstRoseXHAnNHsU7H_rdoprFHZFirpowQcYSUstig9BGqMzUZMggQj2fgAo6QJBkQfB6epeF_jzzHJNJ1_C6zVJF_jzzHJNJu3BHe72kgJxGgMHauMxsQ1N5Z325q1ONoAo68j7h_7zzo1OJu_-6qjVE_S2sHJB2PfBxHByOgAUN8u2c692gHsBN3Bo-ojBke3BHe72OysUOqB2_Z_g-qMrO_jzoHuB139xHuczt_s-VPJNJ1_Cgq_Vt3uzgP7h1_MhozVVR3_-ZqVBW1MWqe7BpZ37N83V9gICiQAB03BxmgMV913Bvq1BRZ3BRq3UpZSCqHMhO3Aom83Ua1sVgHO-MyuPzq1Y2Z9P-q9P2ysoGrVtaQIuyH7N5ysomgMV913Bvq1BRZ3BRq3oyuMhsQMhMgJPcQMoNZ_g-Q9PE3I2ooJN1ZsxMzpBNyuPjrc-WzSoyHSzDguxjPMoW1MggQ_BfypoZQcoX8AxizJ2pysoj6cgIPRxizpjpgjxduV-ugJNZu_uu3ACD_O-crfNsz7OSyfOcrMVy1Mxiq3zjgjxd8MzIH_xMzRzE3BPj6cgc_jgZHAVcuchZgB-uo1x983zR39Bm8uB9PICjz7gOZsJh6cgI_MB-q9P2yp-6PMoWuMggQj2fgAo6QJBkQfBoe7BpZ3N6qMUpZMhyH7ND3uxGqMVAZ_g-qj7F_BH78jOEqRPvzcHF_M2u8jOJZ_V617tNUiFiyfhOrRzBrBY2gVYfHiUEoAnaHA1DUMoxPcuSQR-N9RoOgfPBrRzwy9z7rMBiP9zBUs2QUsHdo_UibmU7HAnNUiFiHpjO6mUDUsHaHaUDUsHNoAHi9ZFigR-5P9CwrRzay9zBgRji6BDhbA-Pbm-FrMBsguYiq3ei6sJOHAnDUMP5y3hwq3ei6sUDUMg2QMVD9R-BQI-xQMWwy3zpyfYagZUE6_JpbsnhoAyd6_nfo_eFopKDUSVOg9-N9R-BQI-xQMWwrfo5rM1i6snXHpnFH_npHs17HpnaH_UposuY?t=desktop&dv=desktop&pub_domain=0&management_type=1&r=https%3A%2F%2Fwww.tokopedia.com%2Fdhamma%2Fpaket-pc-rakitan-komputer-cpu-kantor-intel-core-i5-4590-ssd-hd-gen-4-ram-4gb-hdd-500-no-ssd%3FextParam%3Divf%253Dfalse%26src%3Dtopads&is_search=1&pub_id=0&pub_unit=0&src=find&ob=23&keywords=pc+rakitan&page=1,https://assets.tokopedia.net/assets-tokopedia-lite/v2/zeus/kratos/85cc883d.svg
pc gamer rakitan,Rp1.800.000,https://ta.tokopedia.com/promo/v1/clicks/8a-xgVY2gmUEH_Kh6Ae7opHRbm-xgVY789CBUsthbm-Orfua9fBjUstiHmUDUSz2Q31i6sJRHpUaH_yfopJDUMoFyaUEHseOHmFircYpq9z2Qfdi6sJdbm-xQcri6i-pPcOwqRoBgOYDHOYDHBYDHZUDUMNOQ3-BrBY5gBYxgIHi6sUObm-XP3Oig9-wy3zp9R-BrZUEHs1DUMoxPVY2gIHi6BDa6_rDHsjdbAHdo_-Pbm-X9foxQMz2gcV7guYxgIHi6sUd6ZFiy3-wPcupPmUEUjdibm-FQRo79fVDgaUEUMoFyOYpqcYF9RuXrZUDUSgBrSo2Qfdi6i-fHiUDUMVj9RosQR-BUstRosKXoAjpoAyF6AUpHAnRoiFirpowQcYSUstig9BGqMzUZMggQj2fgAo6QJBkQfBoe7BpZ3O6HcoD692qu7gN3_-Sq1Y2Z9P-q9P2y_-3o3ea69BqzsBE3_UN8u2_Z_g-qjV2_JoGP3Uao32q17jfZ32So1NJ__VguVBd_VzjqJdaz9z6zVJF33jhqVB139PHuJND_1zzPOja1MxgQu-03jo-r7BW69BxufzFyMFNqO2yeMgxuOV2_fB-P7B2PfBiH72F3s-DPuKpeSBiHBUh3_oZgMV913Bvq1BRZ3BRq3UpZSCqHMhO3Ao6QfUpeMgxuOV2_fB-P7B2PfBs3VgDyfNDgMzIzMNs81jfZ3OR8BxE__z6uJtdgjrN83V9gICiQ1gp3A-7QcuygIgsQu-M337NPMHp1MhsQSKdyjzGrfUpgAxMzRPdyjrNHfgU8VzZu3z61B1OuuKFQJYZzSoXy7PogfoWzS-x3V-tyMBjgcgU8I2jzpJdgjP78B29gAxMzjNc1snhzBzD1MgZu_uUuRBjPOBNeSBguRzFgJPcP1thH_xMz7N2Z3BRq3Ha_SgsQugM33NGPMep_Mh-qMY2_1o-r7BX_M2iH72D3Ao6QVByZM2xe7jfZ32oHJNNoI26qBBR_1zoP7OE__C6uVVN_MBG6ZUDUMoDP9o7g9-wq3zwPsUi6sUd6AUFbm-sy9zBgfYa8uYpP3PSg9o79fV7PI-2ySu7gZUE3aUp6A1aUiFioAnF6ZUDUsHNo_KibmUpHsHibmUp6_epUB7DUSCaq3oB9f-2gmUEHseOHmFigfYxQVY2gmUEHiFigMBXy3hwrMuDrMVXqOYxgIosQR-BUstN6_UXo_j76AKhHAnaHArf6mFir9uBrSBwrMuDrMVXqOYpyfYagZUEHmd7HAnpopJh6AyfHsjhHAnfo97?pub_id=0&management_type=2&t=desktop&keywords=pc+rakitan&pub_domain=0&dv=desktop&is_search=1&ob=23&r=https%3A%2F%2Fwww.tokopedia.com%2Freankcentral%2Fpc-gamer-rakitan%3FextParam%3Divf%253Dtrue%26src%3Dtopads&pub_unit=0&page=1&src=find,https://assets.tokopedia.net/assets-tokopedia-lite/v2/zeus/kratos/85cc883d.svg
PC Rakitan Gaming Komputer Rakitan AMD Ryzen 5 8600G DDR5 - 16GB (2x8). NVME 256 NO HDD,Rp8.200.000,https://ta.tokopedia.com/promo/v1/clicks/8a-xgVY2gmUEHsJOoAHNHpnNbm-xgVY789CBUsthbm-Orfua9fBjUstiHmUDUSz2Q31i6sJRHpUaH_yfopJDUMoFyaUEH_HFHmFircYpq9z2Qfdi6sJNbm-xQcri6i-pPcOwqRoBgOYDHOYDHBYDHZUDUMNOQ3-BrBY5gBYxgIHi6sUObm-XP3Oig9-wy3zp9R-BrZUEHs1DUMoxPVY2gIHi6BDa6_rDHsjdbAHdo_-Pbm-X9foxQMz2gcV7guYxgIHi6sUd6ZFiy3-wPcupPmUEUjdibm-FQRo79fVDgaUEUMoFyOYpqcYF9RuXrZUDUSgBrSo2Qfdi6i-fHiUDUMVj9RosQR-BUstR6_nXHAJf6AyaopnRHsH7HaFirpowQcYSUstig9BGqMzUZMggQj2fgAo6QJBkQfBoe7BpZ3O6HcoD692qu7gN3_-Sq1Y2Z9P-q9P2y_-3o3ea69BqzsBE3_UN8u2_Z_g-qjV2_JoGP3Uao32q17jfZ32So1NJ__VguVBd_VzjqJdaz9z6zVJF33jhqVB139PHuJND_1zzPOja1MxgQu-03jo-r7BW69BxufzFyMFNqO2yeMgxuOV2_fB-P7B2PfBiH72F3s-DPuKpeSBiHBUh3_oZgMV913Bvq1BRZ3BRq3UpZSCqHMhO3Ao6QfUpeMgxuOV2_fB-P7B2PfBs3VgDyfNDgMzIzMNs81jfZ3OR8BxE__z6uJtdgjrN83V9gICiQ1gp3A-7QcuygIgsQu-M337NPMHp1MhsQSKdyjzGrfUpgAxMzRPdyjrNHfgU8VzZu3z61B1OuuKFQJYZzSoXy7PogfoWzS-x3V-tyMBjgcgU8I2jzpJdgjP78B29gAxMzjNc1snhzBzD1MgZu_uUuRBjPOBNeSBguRzFgJPcP1thH_xMz7N2Z3BRq3Ha_SgsQugM33NGPMep_Mh-qMY2_1o-r7BX_M2iH72D3Ao6QVByZM2xe7jfZ32oH1NNoIPvuVJp_S2uH1YJe_C6ucHp_joG6ZUDUMoDP9o7g9-wq3zwPsUi6syd6AyDUMoxPcuSQR-N9RoOgfPBrRzwy9z7rMBiP9zBUs2QUsHdo_UibmU7HAnNUiFiHpjO6mUDUsHaHaUDUsHNoAHi9ZFigR-5P9CwrRzay9zBgRji6BDhbA-Pbm-FrMBsguYiq3ei6sJpHAnDUMP5y3hwq3ei6sUDUMg2QMVD9R-BQI-xQMWwy3zpyfYagZUE6_JFbsrpH_rOo_yOoArRoArDUSVOg9-N9R-BQI-xQMWwrfo5rM1i6snXHsnfHAnhHpH7osrN6Ae7opPY?src=find&r=https%3A%2F%2Fwww.tokopedia.com%2Faksesoriska%2Fpc-rakitan-gaming-komputer-rakitan-amd-ryzen-5-8600g-ddr5-16gb-2x8-nvme-256-no-hdd-9af0b%3FextParam%3Divf%253Dfalse%26src%3Dtopads&management_type=1&dv=desktop&is_search=1&page=1&ob=23&t=desktop&keywords=pc+rakitan&pub_id=0&pub_unit=0&pub_domain=0,https://assets.tokopedia.net/assets-tokopedia-lite/v2/zeus/kratos/85cc883d.svg
pc rakitan core i3,Rp450.000,https://ta.tokopedia.com/promo/v1/clicks/8a-xgVY2gmUE6A1dH_JhHAyDUMVj9RzNrc1i6sJDUSupg9-wq3ei6iUFUiFiPcBWgZUEH_rpHsUhosyRHZFiyRCsUstao_nFbm-FQRo2PcB5QiUEHsnDUMVDgaUEUSo7QuY0rfuS9fFp9fFa9fFhUiFiQSuWyMua9fYM9fVjraUEHs1DUMNOQ3-BrBYxgIowrMuhUstaoZFiyfV79fBjraUE3pUNoaFa6_KDHpKOHB7DUMNwyfVXgcBjy9zB9fVjraUEHsKNbm-xyBY7g9o7Usti_iUDUSC5rRzwy3hSUstiyRCs9RotQRCwP3NhUiFiPMuarfB5QiUEUSyaUiFiy3zwrfo5rM1i6srdHZdpH_KRoAyfo_yFosyabm-pHOYDQfri6i-B812kgJxGgBBXZSgjH7NDZ325q1OAZ9o-Q1dFyfFN8B29zSBgHMP2_fB-P7B2PfBxHByOgAUN8u2c692gHsBN3Bo-ojBke3BHe72OysUOqB2_Z_g-qMrO_jzoHuB139xHuczt_s-VPJNJ1_Cgq_Vt3uzgP7h1_MhozVVR3_-ZqVBW1MWqe7BpZ37N83V9gICiQAB03BxmgMV913Bvq1BRZ3BRq3UpZSCqHMhO3Aom83Ua1sVgHO-MyuPzq1Y2Z9P-q9P2ysoGrVtaQIuyH7N5ysomgMV913Bvq1BRZ3BRq3oyuMhsQMhMgJPcQMoNZ_g-Q9PE3I2ooJN1ZsxMzpBNyuPjrc-WzSoyHSzDguxjPMoW1MggQ_BfypoZQcoX8AxizJ2pysoj6cgIPRxizpjpgjxduV-ugJNZu_uu3ACD_O-crfNsz7OSyfOcrMVy1Mxiq3zjgjxd8MzIH_xMzRzE3BPj6cgc_jgZHAVcuchZgB-uo1x983zR39Bm8uB9PICjz7gOZsJh6cgI_MB-q9P2yp-6PMoWuMggQj2fgAo6QJBkQfBoe7BpZ3N6qMUpZMhyH7ND3uxGqMVAZ_g-qj7h_9j78JNk_9x6zcPE_M2oH1O1__C681tNUiFiyfhOrRzBrBY2gVYfHiUEH_rRopHDUMoxPcuSQR-N9RoOgfPBrRzwy9z7rMBiP9zBUs2QUsHdo_UibmU7HAnNUiFiHpjO6mUDUsHaHaUDUsHNoAHi9ZFirI-2yfuwyMBjUstao_nFbm-SQfVD9fBjUstabm-Mq3NxQVYag3hay3N09fVjrfo5rM1i6sjdoZdaHAyaoAUN6Ajaosrfbm-hP3ua8uYag3hay3N09RosQR-BUstFbsUdos1hHAJF6A1aH_jhHAKpwe?t=desktop&page=1&ob=23&is_search=1&r=https%3A%2F%2Fwww.tokopedia.com%2Freankcentral%2Fpc-rakitan-core-i3%3FextParam%3Divf%253Dfalse%26src%3Dtopads&pub_id=0&keywords=pc+rakitan&pub_unit=0&pub_domain=0&management_type=2&dv=desktop&src=find,https://assets.tokopedia.net/assets-tokopedia-lite/v2/zeus/kratos/85cc883d.svg
COC GAMER'S BOX V133.0 - Paket PC Rakitan GeForce RTX 4060,Rp14.249.000,https://www.tokopedia.com/cockomputer/coc-gamer-s-box-v133-0-paket-pc-rakitan-geforce-rtx-4060?extParam=ivf%3Dfalse%26keyword%3Dpc+rakitan%26search_id%3D20241121191141C9CE5E9D202E96008CQC,https://assets.tokopedia.net/assets-tokopedia-lite/v2/zeus/kratos/85cc883d.svg
KOMPUTER PC CPU RAKITAN Intel Core i5 3.2Ghz Baru Garansi 1 Tahun,Rp1.520.000,https://www.tokopedia.com/jnckomputer/komputer-pc-cpu-rakitan-intel-core-i5-3-2ghz-baru-garansi-1-tahun-128gb-500gb-hdd-16gb-2x8-b1fed?extParam=ivf%3Dfalse%26keyword%3Dpc+rakitan%26search_id%3D20241121191141C9CE5E9D202E96008CQC,https://assets.tokopedia.net/assets-tokopedia-lite/v2/zeus/kratos/85cc883d.svg
PC Rakitan EK Gaming BattleStealth - Ryzen 5 5600G 16GB Enter Komputer,Rp5.050.000,https://www.tokopedia.com/enterkomputer/pc-rakitan-ek-gaming-battlestealth-ryzen-5-5600g-16gb-enter-komputer-battlestealth-pc-pack-kayu-3ef34?extParam=ivf%3Dfalse%26keyword%3Dpc+rakitan%26search_id%3D20241121191141C9CE5E9D202E96008CQC,https://assets.tokopedia.net/assets-tokopedia-lite/v2/zeus/kratos/85cc883d.svg
PC Rakitan EK Gaming BattleConceptor - Ryzen 5 RX 580 EnterKomputer,Rp6.150.000,https://www.tokopedia.com/enterkomputer/pc-rakitan-ek-gaming-battleconceptor-ryzen-5-rx-580-enterkomputer-conceptor-580-pc-4d4c0?extParam=ivf%3Dfalse%26keyword%3Dpc+rakitan%26search_id%3D20241121191141C9CE5E9D202E96008CQC,https://assets.tokopedia.net/assets-tokopedia-lite/v2/zeus/kratos/85cc883d.svg
PC Rakitan EK Gaming BattleFreedomz TI - Ryzen 7 RTX 4060 Ti - Enter Komputer,Rp14.890.000,https://www.tokopedia.com/enterkomputer/pc-rakitan-ek-gaming-battlefreedomz-ti-ryzen-7-rtx-4060-ti-enter-komputer-freedomz-ti-pc-e8fb8?extParam=ivf%3Dfalse%26keyword%3Dpc+rakitan%26search_id%3D20241121191141C9CE5E9D202E96008CQC,https://assets.tokopedia.net/assets-tokopedia-lite/v2/zeus/kratos/85cc883d.svg
IMBA CheapSHOT PC | Ryzen 5 4500 | RTX 3050 | 8GB | Rakitan Gaming PC,Rp6.500.000,https://www.tokopedia.com/imbapc/imba-cheapshot-pc-ryzen-5-4500-rtx-3050-8gb-rakitan-gaming-pc?extParam=ivf%3Dtrue%26keyword%3Dpc+rakitan%26search_id%3D20241121191141C9CE5E9D202E96008CQC,https://assets.tokopedia.net/assets-tokopedia-lite/v2/zeus/kratos/85cc883d.svg
PC Rakitan Core i5 + Monitor 19" / RAM 8 GB / SSD / PC ADMIN KANTOR,Rp1.989.000,https://www.tokopedia.com/jaktech-id/pc-rakitan-core-i5-monitor-19-ram-8-gb-ssd-pc-admin-kantor-op3-i3-4gb-pc-full-set-19-41492?extParam=cmp%3D1%26ivf%3Dfalse%26keyword%3Dpc+rakitan%26search_id%3D20241121191141C9CE5E9D202E96008CQC,https://images.tokopedia.net/img/cache/200-square/VqbcmM/2024/8/20/3a6745b4-28d7-44ac-a399-41701967ee50.jpg.webp?ect=3g
PC Rakitan EK Gaming BattleStar Snow D5 - i5 RTX 4060 - Enter Komputer,Rp12.750.000,https://www.tokopedia.com/enterkomputer/pc-rakitan-ek-gaming-battlestar-snow-d5-i5-rtx-4060-enter-komputer-star-406-snow-pc-pack-kayu-961f4?extParam=ivf%3Dfalse%26keyword%3Dpc+rakitan%26search_id%3D20241121191141C9CE5E9D202E96008CQC,https://assets.tokopedia.net/assets-tokopedia-lite/v2/zeus/kratos/85cc883d.svg
PC Rakitan EK Studio BattleForties Meteor - Core i5 RTX 4060 Ti - Enter Komputer,Rp16.550.000,https://www.tokopedia.com/enterkomputer/pc-rakitan-ek-studio-battleforties-meteor-core-i5-rtx-4060-ti-enter-komputer-pro-406ti-snow-pc-a88d9?extParam=ivf%3Dfalse%26keyword%3Dpc+rakitan%26search_id%3D20241121191141C9CE5E9D202E96008CQC,https://assets.tokopedia.net/assets-tokopedia-lite/v2/zeus/kratos/85cc883d.svg
PC Rakitan EK Gaming BattleStar - Core i5 RTX 3060 - Enter Komputer,Rp10.790.000,https://www.tokopedia.com/enterkomputer/pc-rakitan-ek-gaming-battlestar-core-i5-rtx-3060-enter-komputer-battlestar-nv-pc-pack-kayu-e38a9?extParam=ivf%3Dfalse%26keyword%3Dpc+rakitan%26search_id%3D20241121191141C9CE5E9D202E96008CQC,https://assets.tokopedia.net/assets-tokopedia-lite/v2/zeus/kratos/85cc883d.svg
PC Rakitan EK Gaming BattleStar 660 WHITE - Core i5 RX 6600 - Enter Komputer,Rp9.490.000,https://www.tokopedia.com/enterkomputer/pc-rakitan-ek-gaming-battlestar-660-white-core-i5-rx-6600-enter-komputer-battlestar-660-pc-pack-kayu-8d0a7?extParam=ivf%3Dfalse%26keyword%3Dpc+rakitan%26search_id%3D20241121191141C9CE5E9D202E96008CQC,https://images.tokopedia.net/img/cache/200-square/VqbcmM/2024/11/18/5058a313-4f8e-45bf-97cc-56854fd547aa.jpg.webp?ect=4g
CPU / PC RAKITAN GAMING i7 + RAM 16GB + VGA GTX1050ti 4GB + SSD 120GB,Rp4.500.000,https://www.tokopedia.com/nenetcomputer/cpu-pc-rakitan-gaming-i7-ram-16gb-vga-gtx1050ti-4gb-ssd-120gb-rx-580-8gb-cd5e9?extParam=ivf%3Dfalse%26keyword%3Dpc+rakitan%26search_id%3D20241121191141C9CE5E9D202E96008CQC,https://images.tokopedia.net/img/cache/200-square/VqbcmM/2024/10/10/6f49bed2-2b33-44dc-bedb-8774c4d41480.jpg.webp?ect=4g
PC Rakitan EK Gaming BattleForteer PLUS-EX - Ryzen 5 RTX 4060 Ti - Enter Komputer,Rp16.350.000,https://www.tokopedia.com/enterkomputer/pc-rakitan-ek-gaming-battleforteer-plus-ex-ryzen-5-rtx-4060-ti-enter-komputer-forteer-406ti-pc-pack-kayu-80c52?extParam=ivf%3Dfalse%26keyword%3Dpc+rakitan%26search_id%3D20241121191141C9CE5E9D202E96008CQC,https://images.tokopedia.net/img/cache/200-square/VqbcmM/2024/11/1/80692987-9e31-4570-b8b9-54808f220375.jpg.webp?ect=4g
PC Rakitan EK Gaming BattleForties WHITE - i5 RTX 4060 Enter Komputer,Rp13.790.000,https://www.tokopedia.com/enterkomputer/pc-rakitan-ek-gaming-battleforties-white-i5-rtx-4060-enter-komputer-forties-406-ice-pc-73e4f?extParam=ivf%3Dfalse%26keyword%3Dpc+rakitan%26search_id%3D20241121191141C9CE5E9D202E96008CQC,https://images.tokopedia.net/img/cache/200-square/VqbcmM/2024/11/19/f6c2b1a8-3b56-4b94-b3ec-07fd4a6e86af.jpg.webp?ect=4g
PC Rakitan EK Theme - PRIME GANK - Core i5 RTX 4060 - Enter Komputer,Rp13.990.000,https://www.tokopedia.com/enterkomputer/pc-rakitan-ek-theme-prime-gank-core-i5-rtx-4060-enter-komputer-prime-gank-pc-1650d?extParam=ivf%3Dfalse%26keyword%3Dpc+rakitan%26search_id%3D20241121191141C9CE5E9D202E96008CQC,https://images.tokopedia.net/img/cache/200-square/VqbcmM/2024/11/13/10c4e0da-c8fd-449a-b4c9-b36200933db3.jpg.webp?ect=4g
PC RAKITAN GAMING CORE i5 SIAP GAME BERAT BANYAK BONUS,Rp3.250.000,https://www.tokopedia.com/venomgamingstore/pc-rakitan-gaming-core-i5-siap-game-berat-banyak-bonus-ram-8-gb?extParam=ivf%3Dfalse%26keyword%3Dpc+rakitan%26search_id%3D20241121191141C9CE5E9D202E96008CQC,https://images.tokopedia.net/img/cache/200-square/VqbcmM/2023/9/21/22396ccd-1c72-4e6a-a670-81a5e5e67402.png.webp?ect=4g
PC Rakitan | Core i5 | Paket Office Lengkap | Siap Pakai,Rp2.249.000,https://www.tokopedia.com/jonpc/pc-rakitan-core-i5-paket-office-lengkap-siap-pakai-tanpa-monitor?extParam=ivf%3Dfalse%26keyword%3Dpc+rakitan%26search_id%3D20241121191141C9CE5E9D202E96008CQC,https://images.tokopedia.net/img/cache/200-square/VqbcmM/2022/4/11/e18e7c5d-cedb-475c-a6f6-2583217b080b.png.webp?ect=4g
IMBA CheapSHOT PC | i5-11400F | GTX 1650 | 8GB | Rakitan Gaming PC,Rp6.250.000,https://www.tokopedia.com/imbapc/imba-cheapshot-pc-i5-11400f-gtx-1650-8gb-rakitan-gaming-pc?extParam=cmp%3D1%26ivf%3Dfalse%26keyword%3Dpc+rakitan%26search_id%3D20241121191141C9CE5E9D202E96008CQC,https://images.tokopedia.net/img/cache/200-square/VqbcmM/2024/9/2/74c44e68-f054-4d8e-ac5a-19c28819dea0.jpg.webp?ect=4g
PC Rakitan Intel Core i3 10100 Gen10 Office - Komputer CPU RAM DDR4,Rp3.455.000,https://www.tokopedia.com/jnckomputer/pc-rakitan-intel-core-i3-10100-gen10-office-komputer-cpu-ram-ddr4-cpu-only-1x8gb-ddr4-de1e4?extParam=ivf%3Dfalse%26keyword%3Dpc+rakitan%26search_id%3D20241121191141C9CE5E9D202E96008CQC,https://images.tokopedia.net/img/cache/200-square/VqbcmM/2024/5/17/6dd1d33d-0833-4c3f-a693-7ac1ddfc2917.jpg.webp?ect=4g
PC Rakitan EK Gaming BattleForties PLUS - i5 RTX 4060 Ti EnterKomputer,Rp15.550.000,https://www.tokopedia.com/enterkomputer/pc-rakitan-ek-gaming-battleforties-plus-i5-rtx-4060-ti-enterkomputer-406ti-white-pc-pack-kayu-2a967?extParam=ivf%3Dfalse%26keyword%3Dpc+rakitan%26search_id%3D20241121191141C9CE5E9D202E96008CQC,https://images.tokopedia.net/img/cache/200-square/VqbcmM/2024/7/13/be475ad1-5f79-4452-b0de-acd0fa25822a.jpg.webp?ect=4g
COC GAMER'S BOX V79.0 - Paket PC Rakitan RTX 3050,Rp7.199.000,https://www.tokopedia.com/cockomputer/coc-gamer-s-box-v79-0-paket-pc-rakitan-rtx-3050?extParam=ivf%3Dfalse%26keyword%3Dpc+rakitan%26search_id%3D20241121191141C9CE5E9D202E96008CQC,https://assets.tokopedia.net/assets-tokopedia-lite/v2/zeus/kratos/85cc883d.svg
PC Rakitan ROVA Kumi COSMO Ryzen 5 5600G / DDR4 16GB / NVME 256GB,Rp4.769.000,https://www.tokopedia.com/it-shoponline/pc-rakitan-rova-kumi-cosmo-ryzen-5-5600g-ddr4-16gb-nvme-256gb?extParam=ivf%3Dtrue%26keyword%3Dpc+rakitan%26search_id%3D20241121191141C9CE5E9D202E96008CQC,https://images.tokopedia.net/img/cache/200-square/VqbcmM/2024/11/20/ccf2e305-25c3-41f9-8886-175387baeb37.jpg.webp?ect=4g
PC Rakitan EK Gaming BattleMoonz RX - Ryzen 5 RX 6600 - Enter Komputer,Rp9.350.000,https://www.tokopedia.com/enterkomputer/pc-rakitan-ek-gaming-battlemoonz-rx-ryzen-5-rx-6600-enter-komputer-moonz-660-pc-pack-kayu-f44b5?extParam=ivf%3Dfalse%26keyword%3Dpc+rakitan%26search_id%3D20241121191141C9CE5E9D202E96008CQC,https://images.tokopedia.net/img/cache/200-square/VqbcmM/2024/8/26/06ea347a-c10f-400d-89ce-46bd208b7bf1.jpg.webp?ect=4g
PC / CPU / KOMPUTER RAKITAN CORE i3 BARU GARANSI 1 TAHUN,Rp1.051.000,https://www.tokopedia.com/hanscomputer/pc-cpu-komputer-rakitan-core-i3-baru-garansi-1-tahun-hdd-500gb-4gb-a9a75?extParam=ivf%3Dfalse%26keyword%3Dpc+rakitan%26search_id%3D20241121191141C9CE5E9D202E96008CQC,https://assets.tokopedia.net/assets-tokopedia-lite/v2/zeus/kratos/85cc883d.svg
IMBA AMD PC | Ryzen 7 8700F  | RTX 4060 | 32GB | Rakitan Gaming PC,Rp13.700.000,https://www.tokopedia.com/imbapc/imba-amd-pc-ryzen-7-8700f-rtx-4060-32gb-rakitan-gaming-pc?extParam=ivf%3Dfalse%26keyword%3Dpc+rakitan%26search_id%3D20241121191141C9CE5E9D202E96008CQC,https://images.tokopedia.net/img/cache/200-square/VqbcmM/2024/5/27/0bf60e0f-0530-48fe-8393-296c664abf6c.jpg.webp?ect=4g
Pc Rakitan Intel Core I5 Ram 8 GB Include LED 19 Inch,Rp975.000,https://www.tokopedia.com/gatecom08/pc-rakitan-intel-core-i5-ram-8-gb-include-led-19-inch-pc-only-4gb-4866e?extParam=ivf%3Dfalse%26keyword%3Dpc+rakitan%26search_id%3D20241121191141C9CE5E9D202E96008CQC,https://assets.tokopedia.net/assets-tokopedia-lite/v2/zeus/kratos/85cc883d.svg
PC Intel Core i5 12400/F VGA RTX 4060Ti Komputer Rakitan Desain Gaming,Rp7.879.500,https://www.tokopedia.com/jnckomputer/pc-intel-core-i5-12400-f-vga-rtx-4060ti-komputer-rakitan-desain-gaming-vga-onboard-16gb-2x8-ddr5-2b966?extParam=ivf%3Dfalse%26keyword%3Dpc+rakitan%26search_id%3D20241121191141C9CE5E9D202E96008CQC,https://assets.tokopedia.net/assets-tokopedia-lite/v2/zeus/kratos/85cc883d.svg
Baut Casing Rakitan PC - Termurah,Rp5.000,https://www.tokopedia.com/trisaricomp/baut-casing-rakitan-pc-termurah?extParam=ivf%3Dfalse%26keyword%3Dpc+rakitan%26search_id%3D20241121191141C9CE5E9D202E96008CQC,https://assets.tokopedia.net/assets-tokopedia-lite/v2/zeus/kratos/85cc883d.svg
PC RAKITAN Gaming Design | Ryzen 9 7900X / DDR5 / GeForce RTX,Rp16.634.000,https://www.tokopedia.com/onelinegamepc/pc-rakitan-gaming-design-ryzen-9-7900x-ddr5-geforce-rtx-16gb-ddr5-vga-onboard-2a635?extParam=ivf%3Dfalse%26keyword%3Dpc+rakitan%26search_id%3D20241121191141C9CE5E9D202E96008CQC,https://assets.tokopedia.net/assets-tokopedia-lite/v2/zeus/kratos/85cc883d.svg
PC RAKITAN GAMING Core i5 10400F I 16GB I GTX 1650 4GB I Mantap Banget,Rp5.100.000,https://www.tokopedia.com/persadacomputer/pc-rakitan-gaming-core-i5-10400f-i-16gb-i-gtx-1650-4gb-i-mantap-banget-rx580-8gb-8gb-69603?extParam=ivf%3Dfalse%26keyword%3Dpc+rakitan%26search_id%3D20241121191141C9CE5E9D202E96008CQC,https://assets.tokopedia.net/assets-tokopedia-lite/v2/zeus/kratos/85cc883d.svg
PC Rakitan EK Gaming BattleStar 406 - Core i5 RTX 4060 - Enter Komputer,Rp12.090.000,https://www.tokopedia.com/enterkomputer/pc-rakitan-ek-gaming-battlestar-406-core-i5-rtx-4060-enter-komputer-battlestar-406-pc-1a3bf?extParam=ivf%3Dfalse%26keyword%3Dpc+rakitan%26search_id%3D20241121191141C9CE5E9D202E96008CQC,https://assets.tokopedia.net/assets-tokopedia-lite/v2/zeus/kratos/85cc883d.svg
PC Rakitan EK Gaming BattleForteer 406Ti WHITE - Ryzen 5 RTX 4060 Ti - Enter Komputer,Rp17.090.000,https://www.tokopedia.com/enterkomputer/pc-rakitan-ek-gaming-battleforteer-406ti-white-ryzen-5-rtx-4060-ti-enter-komputer-406ti-cs-pc-31d9e?extParam=ivf%3Dfalse%26keyword%3Dpc+rakitan%26search_id%3D20241121191141C9CE5E9D202E96008CQC,https://assets.tokopedia.net/assets-tokopedia-lite/v2/zeus/kratos/85cc883d.svg
PC Gaming Rakitan AMD Ryzen 5 5600G I 16GB I HDD 1TB I NVME 256GB ,Rp4.195.000,https://www.tokopedia.com/persadacomputer/pc-gaming-rakitan-amd-ryzen-5-5600g-i-16gb-i-hdd-1tb-i-nvme-256gb-standard-8-gb-213e7?extParam=ivf%3Dfalse%26keyword%3Dpc+rakitan%26search_id%3D20241121191141C9CE5E9D202E96008CQC,https://assets.tokopedia.net/assets-tokopedia-lite/v2/zeus/kratos/85cc883d.svg
COC BATTLE STATION V65.5 - Paket PC Rakitan AMD Ryzen 5 7500F,Rp11.749.000,https://www.tokopedia.com/cockomputer/coc-battle-station-v65-5-paket-pc-rakitan-amd-ryzen-5-7500f?extParam=ivf%3Dfalse%26keyword%3Dpc+rakitan%26search_id%3D20241121191141C9CE5E9D202E96008CQC,https://assets.tokopedia.net/assets-tokopedia-lite/v2/zeus/kratos/85cc883d.svg
IMBA CheapSHOT PC | i5-12400F | RTX 3050 | 16GB | Rakitan Gaming PC,Rp7.615.000,https://www.tokopedia.com/imbapc/imba-cheapshot-pc-i5-12400f-rtx-3050-16gb-rakitan-gaming-pc?extParam=ivf%3Dfalse%26keyword%3Dpc+rakitan%26search_id%3D20241121191141C9CE5E9D202E96008CQC,https://assets.tokopedia.net/assets-tokopedia-lite/v2/zeus/kratos/85cc883d.svg
Cpu PC Rakitan core i5 for office bonus usb wifi wireles,Rp960.000,https://www.tokopedia.com/gtcomputer/cpu-pc-rakitan-core-i5-for-office-bonus-usb-wifi-wireles-cpu-only-4gb-500gb-10c21?extParam=ivf%3Dfalse%26keyword%3Dpc+rakitan%26search_id%3D20241121191141C9CE5E9D202E96008CQC,https://assets.tokopedia.net/assets-tokopedia-lite/v2/zeus/kratos/85cc883d.svg
COC Elite Station 5.0 - Paket PC Rakitan Ryzen 5 5600G,Rp6.349.000,https://www.tokopedia.com/cockomputer/coc-elite-station-5-0-paket-pc-rakitan-ryzen-5-5600g?extParam=ivf%3Dfalse%26keyword%3Dpc+rakitan%26search_id%3D20241121191141C9CE5E9D202E96008CQC,https://assets.tokopedia.net/assets-tokopedia-lite/v2/zeus/kratos/85cc883d.svg
CPU / PC RAKITAN GAMING CORE i5 SIAP GAME BERAT SETARA PS4,Rp3.240.000,https://www.tokopedia.com/nenetcomputer/cpu-pc-rakitan-gaming-core-i5-siap-game-berat-setara-ps4-gtx-750ti-4gb-5173d?extParam=ivf%3Dfalse%26keyword%3Dpc+rakitan%26search_id%3D20241121191141C9CE5E9D202E96008CQC,https://assets.tokopedia.net/assets-tokopedia-lite/v2/zeus/kratos/85cc883d.svg
PC Rakitan Intel Core i5 8400 RAM 16GB SSD 512GB For Office | Home CPU,Rp2.735.400,https://www.tokopedia.com/jnckomputer/pc-rakitan-intel-core-i5-8400-ram-16gb-ssd-512gb-for-office-home-cpu-cpu-only-4gb-128gb-6e4b2?extParam=ivf%3Dfalse%26keyword%3Dpc+rakitan%26search_id%3D20241121191141C9CE5E9D202E96008CQC,https://assets.tokopedia.net/assets-tokopedia-lite/v2/zeus/kratos/85cc883d.svg
PC Rakitan EK Gaming BattleLionz 305 - Core i3 RTX 3050 - Enter Komputer,Rp7.450.000,https://www.tokopedia.com/enterkomputer/pc-rakitan-ek-gaming-battlelionz-305-core-i3-rtx-3050-enter-komputer-battlelionz-305-pc-919fc?extParam=ivf%3Dfalse%26keyword%3Dpc+rakitan%26search_id%3D20241121191141C9CE5E9D202E96008CQC,https://assets.tokopedia.net/assets-tokopedia-lite/v2/zeus/kratos/85cc883d.svg
Komputer I5 Ram 8gb PC Rakitan,Rp550.000,https://ta.tokopedia.com/promo/v1/clicks/8a-xgVY2gmUEHsHaH_1dosjfbm-xgVY789CBUsthbm-Orfua9fBjUstiHmUDUSz2Q31i6sJRHpUaH_yfopJDUMoFyaUEopnFbm-FQRo2PcB5QiUEHsJDUMVDgaUEUSo7QuY0rfuS9fFp9fFa9fFhUiFiQSuWyMua9fYM9fVjraUEHs1DUMNOQ3-BrBYxgIowrMuhUstaoZFiyfV79fBjraUE3pUNoaFa6_KDHpKOHB7DUMNwyfVXgcBjy9zB9fVjraUEHsKNbm-xyBY7g9o7Usti_iUDUSC5rRzwy3hSUstiyRCs9RotQRCwP3NhUiFiPMuarfB5QiUEUSyaUiFiy3zwrfo5rM1i6sKFHmdOHpHaoArh6AHFoArpbm-pHOYDQfri6i-B812kgJxGgBBXZSgjH7NDZ325q1OAZ9o-Q1dFyfFN8B29zSBgHMP2_fB-H7hk3_uoqjOR_S2go1Ok_9P68BjO_32uq1hAZS-q3cFpysoGqOKp_M2iH72DZ325q1OAZ9o-Q_ufyMO6QJBkQfBvzcDF_923qJNkz9z6Hj1p3uHFHJNJ1MBHu7gt_M2CPJ7au9P6zJ-k3jPcqu2I1MW-q9P2ysoGrVtaQIuyHB-Dy7yNrV2AZ_g-qjV2_JoGPMoWQcNxupuMy7xGPB2UuM2jzsBF3jo-ojBke3BHe72fyfODQMV9o3gsHMxfy7yNrV2AZ_g-qjV2_JoG8cz9uSBBusjF3uPj8jBkQfBizJNM_92SH1OX8AxiH72F3s-DPuB98cgxHByOgAUN8u2c63BiHsBEgJP383gU8IooQ9xfgAod6c-JzSoiHfedgjg6zBUFH1g1QV-M1O1OzuPNgIPg81-N3uP7rczIzSuGH_Jdgjx6Hc-y8AxxH7ND3sod6V1Fujx1uugvujyNzBz0gc-GH7-kZ1xGqcJaQACgupzX3Vxd6VjaZ3BHe72E3_UN8u2363BsQ_jpyp-uq1Y2Z9P-q9P2yp-6PMoWuMgsHBgtyfO6Q7BkQfBo8BBd_c2SHJYJZ_o6qB17_OzSHJOJ1_V-QsnYUiFiyfhOrRzBrBY2gVYfHiUEH_yhHAJDUMoxPcuSQR-N9RoOgfPBrRzwy9z7rMBiP9zBUs2QUsHdo_UibmU7HAnNUiFiHpjO6mUDUsHaHaUDUsHNoAHi9ZFirI-2yfuwyMBjUstRHAnDUMP5y3hwq3ei6sUDUMg2QMVD9R-BQI-xQMWwy3zpyfYagZUE6_nRbsjhHAJ7o_1aH_JNoArDUSVOg9-N9R-BQI-xQMWwrfo5rM1i6snXHsKpopraHpKRoAnNosepH_PY?dv=desktop&ob=23&src=find&management_type=2&t=desktop&is_search=1&pub_unit=0&keywords=pc+rakitan&r=https%3A%2F%2Fwww.tokopedia.com%2Finstrumentrobot%2Fkomputer-i5-ram-8gb-pc-rakitan%3FextParam%3Divf%253Dfalse%26src%3Dtopads&page=1&pub_id=0&pub_domain=0,https://assets.tokopedia.net/assets-tokopedia-lite/v2/zeus/kratos/85cc883d.svg
pc core i3 rakitan,Rp450.000,https://ta.tokopedia.com/promo/v1/clicks/8a-xgVY2gmUE6A1dH_Jhop1DUMVj9RzNrc1i6sJDUSupg9-wq3ei6iUFUiFiPcBWgZUEH_rpHsUhosyRHZFiyRCsUstao_nFbm-FQRo2PcB5QiUEHsUDUMVDgaUEUSo7QuY0rfuS9fFp9fFa9fFhUiFiQSuWyMua9fYM9fVjraUEHs1DUMNOQ3-BrBYxgIowrMuhUstaoZFiyfV79fBjraUE3pUNoaFa6_KDHpKOHB7DUMNwyfVXgcBjy9zB9fVjraUEHsKNbm-xyBY7g9o7Usti_iUDUSC5rRzwy3hSUstiyRCs9RotQRCwP3NhUiFiPMuarfB5QiUEUSyaUiFiy3zwrfo5rM1i6srRoadF6_1FHsHhH_HFH_Hhbm-pHOYDQfri6i-B812kgJxGgBBXZSgjH7NDZ325q1OAZ9o-Q1dFyfFN8B29zSBgHMP2_fB-P7B2PfBxHByOgAUN8u2c692gHsBN3Bo-ojBke3BHe72OysUOqB2_Z_g-qMrO_jzoHuB139xHuczt_s-VPJNJ1_Cgq_Vt3uzgP7h1_MhozVVR3_-ZqVBW1MWqe7BpZ37N83V9gICiQAB03BxmgMV913Bvq1BRZ3BRq3UpZSCqHMhO3Aom83Ua1sVgHO-MyuPzq1Y2Z9P-q9P2ysoGrVtaQIuyH7N5ysomgMV913Bvq1BRZ3BRq3oyuMhsQMhMgJPcQMoNZ_g-Q9PE3I2ooJN1ZsxMzpBNyuPjrc-WzSoyHSzDguxjPMoW1MggQ_BfypoZQcoX8AxizJ2pysoj6cgIPRxizpjpgjxduV-ugJNZu_uu3ACD_O-crfNsz7OSyfOcrMVy1Mxiq3zjgjxd8MzIH_xMzRzE3BPj6cgc_jgZHAVcuchZgB-uo1x983zR39Bm8uB9PICjz7gOZsJh6cgI_MB-q9P2yp-6PMoWuMggQj2fgAo6QJBkQfBoe7BpZ3N6qMUpZMhyH7ND3uxGqMVAZ_g-qj7h_uH781N1__uvzcoR_S2gP7N11_V-QsnYUiFiyfhOrRzBrBY2gVYfHiUEH_rRopHDUMoxPcuSQR-N9RoOgfPBrRzwy9z7rMBiP9zBUs2QUsHdo_UibmU7HAnNUiFiHpjO6mUDUsHaHaUDUsHNoAHi9ZFirI-2yfuwyMBjUstao_nFbm-SQfVD9fBjUstabm-Mq3NxQVYag3hay3N09fVjrfo5rM1i6sjRoadpo_r7oAnNHAnNomFir9uBrSBwrMuDrMVXqOYpyfYagZUEHmdaop1f6AKaoAehopU7Hp1doR7?pub_id=0&dv=desktop&src=find&pub_domain=0&page=1&r=https%3A%2F%2Fwww.tokopedia.com%2Freankcentral%2Fpc-core-i3-rakitan%3FextParam%3Divf%253Dfalse%26src%3Dtopads&keywords=pc+rakitan&management_type=2&is_search=1&t=desktop&pub_unit=0&ob=23,https://assets.tokopedia.net/assets-tokopedia-lite/v2/zeus/kratos/85cc883d.svg
PC Core i3 2120 Full Set Monitor SAMSUNG  CPU Komputer Rakitan,Rp3.143.250,https://ta.tokopedia.com/promo/v1/clicks/8a-xgVY2gmUEHsHaopUF6_nObm-xgVY789CBUsthbm-Orfua9fBjUstiHmUDUSz2Q31i6sJRHpUaH_yfopJDUMoFyaUEH_yFHmFircYpq9z2Qfdi6sUpbm-0g9BRQR-j9fBjUstfo_eRoAjF6Ae7bm-xQcri6i-0PVYFqI-xrfuwPc7ibm-XP3Oig9-wQfgwy3zpUstaoZFiQSuWyMua9fVjrOYag9Ji6sUObm-sy9zwq3zpUs2QHsjRbAUN6mFp6A1a9ZFiQBYsy3Njq3zxPcuwy3zpUsta6AjDUMVi9RzBrRei6i-6UiFircYpPVYxQcri6i-srcowrfx5rVYOQSJibm-fg9-pq3YXUstiPsUibm-xgVYpyfYagZUEoprdbsrpH_nd6AHfHAjf6mFirpowQcYSUstig9BGqMzUZMggQj2fgAo6QJBkQfBoe7BpZ3O6HcoD692qu7gN3_-Sq1Y2Z9P-q9P2y_-3o3ea69BqzsBE3_UN8u2_Z_g-qjVO_uzzq1hAZSuiHsuk3Bo-ojBkgpu6zJ7h3uzg8Jh1gcx6Hju7_jzzHVB2H3xguVBR_Vz6QJOJ19PgHB-t33OZqO2AZ9o-Q_BNyuPjrc-D63Wq3J-MyuPzq1Y2Z9P-q9P2ysoGrVtaQIuyH7-Nys-ZHujp1MgxuOV2_fB-P7B2PfBiH72F3s-DPuKp_MYiH7-MyuPzq1Y2Z9P-q9P2yOx3QcoXQcgjz7gXyRB-ojBX1SzMZIxfyfODQMV9o3xizsBa3BxDHfUpZMWyHj2fyso6HV2yZsxMzReF3A-G83UazMWMZIxagJyNPfVUZMxsHBu2_JoG8Bja69BqusB2yf7NHfHau3Bvq1BRZ3BRq3Ha_SgsQugMyp-3qcoW_MY-qMY2_92u8Jhkqpuo8BuR_92ooJOkypoouV1aZ3dFvZUDUMoxPcuSQR-N9RoOgfPBrRzwy9z7rMBiP9zBUs2QUsHdo_UibmU7HAnNUiFiHpjO6mUDUsHaHaUDUsHNoAHi9ZFirMuDg9gxQMoB9RosQR-BUstFbsKRH_rO6_1fHpjhH_KpHprDUSCaq3oB9f-2gmUEH_yFHmFigfYxQVY2gmUEHiFigMBXy3hwrMuDrMVXqOYxgIosQR-BUstNHAnXopKOo_HdH_nf6AKdHiFir9uBrSBwrMuDrMVXqOYpyfYagZUEHmdhopU7o_nhHpjO6_HhopyOoR7?r_replacement=new&dv=desktop&keywords=pc+rakitan&is_search=1&management_type=1&src=find&r=https%3A%2F%2Fwww.tokopedia.com%2Fmarketcomp%2Fpc-core-i3-2120-full-set-monitor-samsung-cpu-komputer-rakitan-8gb-256gb-1b146%3FextParam%3Divf%253Dfalse%26src%3Dtopads&page=1&t=desktop&pub_id=0&pub_domain=0&ob=23&pub_unit=0,https://assets.tokopedia.net/assets-tokopedia-lite/v2/zeus/kratos/85cc883d.svg
pc core i3 fullset rakitan,Rp900.000,https://ta.tokopedia.com/promo/v1/clicks/8a-xgVY2gmUE6A1dH_Jh6_JDUMVj9RzNrc1i6sJDUSupg9-wq3ei6iUFUiFiPcBWgZUEH_rpHsUhosyRHZFiyRCsUstaHA1Fbm-FQRo2PcB5QiUEHseDUMVDgaUEUSo7QuY0rfuS9fFp9fFa9fFhUiFiQSuWyMua9fYM9fVjraUEHs1DUMNOQ3-BrBYxgIowrMuhUstaoZFiyfV79fBjraUE3pUNoaFa6_KDHpKOHB7DUMNwyfVXgcBjy9zB9fVjraUEHsKNbm-xyBY7g9o7Usti_iUDUSC5rRzwy3hSUstiyRCs9RotQRCwP3NhUiFiPMuarfB5QiUEUSyaUiFiy3zwrfo5rM1i6srRoadNo_e76ArN6AHdopJpbm-pHOYDQfri6i-B812kgJxGgBBXZSgjH7NDZ325q1OAZ9o-Q1dFyfFN8B29zSBgHMP2_fB-P7B2PfBxHByOgAUN8u2c692gHsBN3Bo-ojBke3BHe72OysUOqB2_Z_g-qMrO_jzoHuB139xHuczt_s-VPJNJ1_Cgq_Vt3uzgP7h1_MhozVVR3_-ZqVBW1MWqe7BpZ37N83V9gICiQAB03BxmgMV913Bvq1BRZ3BRq3UpZSCqHMhO3Aom83Ua1sVgHO-MyuPzq1Y2Z9P-q9P2ysoGrVtaQIuyH7N5ysomgMV913Bvq1BRZ3BRq3oyuMhsQMhMgJPcQMoNZ_g-Q9PE3I2ooJN1ZsxMzpBNyuPjrc-WzSoyHSzDguxjPMoW1MggQ_BfypoZQcoX8AxizJ2pysoj6cgIPRxizpjpgjxduV-ugJNZu_uu3ACD_O-crfNsz7OSyfOcrMVy1Mxiq3zjgjxd8MzIH_xMzRzE3BPj6cgc_jgZHAVcuchZgB-uo1x983zR39Bm8uB9PICjz7gOZsJh6cgI_MB-q9P2yp-6PMoWuMggQj2fgAo6QJBkQfBoe7BpZ3N6qMUpZMhyH7ND3uxGqMVAZ_g-qj7h_uH7HjNJZ_C68jjO_7zC8JNE__u-QsnYUiFiyfhOrRzBrBY2gVYfHiUEH_rRopHDUMoxPcuSQR-N9RoOgfPBrRzwy9z7rMBiP9zBUs2QUsHdo_UibmU7HAnNUiFiHpjO6mUDUsHaHaUDUsHNoAHi9ZFirI-2yfuwyMBjUstaHA1Fbm-SQfVD9fBjUstabm-Mq3NxQVYag3hay3N09fVjrfo5rM1i6sj7oiddHArdHpnfo_176Arhbm-hP3ua8uYag3hay3N09RosQR-BUstFbsU7o_JO6_eRHsKaH_HhoA-Y?page=1&t=desktop&src=find&pub_domain=0&r=https%3A%2F%2Fwww.tokopedia.com%2Freankcentral%2Fpc-core-i3-fullset-rakitan%3FextParam%3Divf%253Dfalse%26src%3Dtopads&pub_id=0&keywords=pc+rakitan&dv=desktop&ob=23&is_search=1&management_type=2&pub_unit=0,https://assets.tokopedia.net/assets-tokopedia-lite/v2/zeus/kratos/85cc883d.svg
PC Rakitan Intel + LCD ,Rp2.850.000,https://ta.tokopedia.com/promo/v1/clicks/8a-xgVY2gmUEHsnR6AnRHp1Nbm-xgVY789CBUsthbm-Orfua9fBjUstiHmUDUSz2Q31i6sJRHpUaH_yfopJDUMoFyaUEH_KOHmFircYpq9z2Qfdi6sUObm-xQcri6i-pPcOwqRoBgOYDHOYDHBYDHZUDUMNOQ3-BrBY5gBYxgIHi6sUObm-XP3Oig9-wy3zp9R-BrZUEHs1DUMoxPVY2gIHi6BDa6_rDHsjdbAHdo_-Pbm-X9foxQMz2gcV7guYxgIHi6sUd6ZFiy3-wPcupPmUEUjdibm-FQRo79fVDgaUEUMoFyOYpqcYF9RuXrZUDUSgBrSo2Qfdi6i-fHiUDUMVj9RosQR-BUstRopnXoA1RopUOHAna6_jNHaFirpowQcYSUstig9BGqMzUZMggQj2fgAo6QJBkQfBoe7BpZ3O6HcoD692qu7gN3_-Sq1Y2Z9P-q9P2y_-3o3ea69BqzsBE3_UN8u2_Z_g-qjV2_JoGP3Uao32q17jfZ32So1NJ__VguVBd_VzjqJdaz9z6zVJF33jhqVB139PHuJND_1zzPOja1MxgQu-03jo-r7BW69BxufzFyMFNqO2yeMgxuOV2_fB-P7B2PfBiH72F3s-DPuKpeSBiHBUh3_oZgMV913Bvq1BRZ3BRq3UpZSCqHMhO3Ao6QfUpeMgxuOV2_fB-P7B2PfBs3VgDyfNDgMzIzMNs81jfZ3OR8BxE__z6uJtdgjrN83V9gICiQ1gp3A-7QcuygIgsQu-M337NPMHp1MhsQSKdyjzGrfUpgAxMzRPdyjrNHfgU8VzZu3z61B1OuuKFQJYZzSoXy7PogfoWzS-x3V-tyMBjgcgU8I2jzpJdgjP78B29gAxMzjNc1snhzBzD1MgZu_uUuRBjPOBNeSBguRzFgJPcP1thH_xMz7N2Z3BRq3Ha_SgsQugM33NGPMep_Mh-qMY2_1o-r7BX_M2iH72D3Ao6QVByZM2xe7jfZ32oHJYAoIB6uJ77_M2S81OkqR2ozcHF_joG6ZUDUMoDP9o7g9-wq3zwPsUi6sUh6_eDUMoxPcuSQR-N9RoOgfPBrRzwy9z7rMBiP9zBUs2QUsHdo_UibmU7HAnNUiFiHpjO6mUDUsHaHaUDUsHNoAHi9ZFirI-2yfuwyMBjUsth6A1Fbm-SQfVD9fBjUstabm-Mq3NxQVYag3hay3N09fVjrfo5rM1i6sKNoadOHAHFHsnho_yaHsKfbm-hP3ua8uYag3hay3N09RosQR-BUstFbsJhopjdosUao_jpopKN6Andwe?pub_id=0&r=https%3A%2F%2Fwww.tokopedia.com%2Forka%2Fpc-rakitan-intel-lcd%3FextParam%3Divf%253Dfalse%26src%3Dtopads&pub_unit=0&pub_domain=0&page=1&src=find&is_search=1&ob=23&keywords=pc+rakitan&management_type=2&dv=desktop&t=desktop,https://images.tokopedia.net/img/cache/200-square/VqbcmM/2023/11/1/752529b5-5116-4a08-a7f2-4585e0fef935.png.webp?ect=3g
